PO_Number,ITEM Number,QTY,Unit Cost,PO_Amount,PO_Date,SUPCO,SUPPLIER_NAME,PR_Number,Prepared By,Reviewed By
GG0439107,8000570.0,3,15409.233333333332,46227.7,2018-01-01,P1802,PRAMAC (UK) LTD,0.0,QE,KLL
FF1039100,8003104.0,11,1391.0336363636363,15301.37,2018-01-01,P0969,PLASTECH LTD,0.0,PL,DLM
FF0839100,8001136.0,15,219.114,3286.71,2018-01-01,G1201,GRAFTERS,0.0,KLL,KLL
HH0839093,8000075.0,15,4.969333333333334,74.54,2018-01-01,C1719,G CROOK & SONS,0.0,KLL,QE
FF0739086,8003670.0,17,384.00529411764705,6528.09,2018-01-01,E0120,ELLIOTT GROUP LTD,5815024.0,QE,DLM
AA0939086,8000750.0,13,191.58615384615385,2490.62,2018-01-01,P1277,PROGRESSIVE PRODUCTS LTD,5815023.0,DLM,LMM
FF0739093,8003130.0,15,223.81533333333334,3357.23,2018-01-01,E0120,ELLIOTT GROUP LTD,5815017.0,DLM,PL
BB0639086,8002829.0,19,234.94789473684213,4464.01,2018-01-01,J0460,J A JACKSON CONTRACTORS(PRESTON)LTD,5815010.0,JKS,JKS
GG1539086,8000733.0,14,571.3221428571429,7998.51,2018-01-01,R1651,ROUDEN PIPETEK,5814987.0,KLL,KLL
EE0539100,8003679.0,18,88.36611111111111,1590.59,2018-01-01,G1095,GEM SUPPLIES LTD,5814960.0,KLL,DLM
CC0239086,8001794.0,6,203.94833333333335,1223.69,2018-01-01,B9565,BUTLER REYNOLDS LTD,5814924.0,KLL,PL
HH1039086,8000891.0,21,3365.8490476190477,70682.83,2018-01-01,B4406,BRIGGS EQUIPMENT UK LTD,5814895.0,DLM,QE
BB0539086,8000863.0,10,540.457,5404.57,2018-01-01,L0988,LYRECO UK LIMITED,5814883.0,PL,QE
BB0239086,8001959.0,25,7.9204,198.01,2018-01-01,W1481,WALLACE CAMERON & CO LTD,5814856.0,KLL,DLM
BB0139100,8001014.0,21,32.50238095238095,682.55,2018-01-01,A3452,ALLBUILD PRODUCTS,5814828.0,JKS,KLL
FF1239100,8002613.0,3,532.4499999999999,1597.35,2018-01-01,S2894,SETON LIMITED,5814814.0,JKS,QE
FF1139093,8001581.0,12,2.015,24.18,2018-01-01,V9138,VOLUMATIC LTD,5814781.0,KLL,JKS
CC1139093,8001920.0,9,1595.868888888889,14362.82,2018-01-01,S0496,DOUGLAS SCOTT,5810047.0,JKS,JKS
AA0839093,8000757.0,7,1397.3700000000001,9781.59,2018-01-01,S1748,SOUNDSORBA LTD,5814729.0,LMM,KLL
BB0239093,8000590.0,14,1.292857142857143,18.1,2018-01-01,W1481,WALLACE CAMERON & CO LTD,5814706.0,PL,QE
GG0839086,8001700.0,3,10701.273333333333,32103.82,2018-01-01,S0825,SALEPOINT LTD,5814704.0,KLL,DLM
GG1539093,8001465.0,22,447.2168181818182,9838.77,2018-01-01,R1651,ROUDEN PIPETEK,5810058.0,PL,DLM
FF0139114,8002755.0,21,76.66714285714286,1610.01,2018-01-01,T0337,TOUPRET (UK),5814700.0,DLM,LMM
AA1239086,8000178.0,24,157.61125,3782.67,2018-01-01,M1159,MATCH BOARD INTERNATIONAL LTD,5810065.0,LMM,PL
EE0539107,8003372.0,7,2736.9314285714286,19158.52,2018-01-01,G1095,GEM SUPPLIES LTD,5814662.0,KLL,QE
EE0239100,8002953.0,13,61.20692307692308,795.69,2018-01-01,S3729,SAFESTAND LTD,5814641.0,LMM,LMM
EE0439100,8003852.0,11,2281.6045454545456,25097.65,2018-01-01,G1201,GRAFTERS,5814636.0,QE,PL
EE0539093,8001123.0,16,61.80625,988.9,2018-01-01,G1095,GEM SUPPLIES LTD,5814631.0,DLM,KLL
DD0939093,8003701.0,11,5839.218181818182,64231.4,2018-01-01,B4406,BRIGGS EQUIPMENT UK LTD,5814611.0,DLM,QE
CC0639086,8003704.0,1,30.46,30.46,2018-01-01,A0521,R F AMIES(KIDDERMINSTER)LTD,5814605.0,JKS,DLM
HH0739100,8003214.0,4,277.8875,1111.55,2018-01-01,S4217,SVR PLASTICS LTD,5814561.0,PL,KLL
CC0539107,8001450.0,12,13443.13,161317.56,2018-01-01,B4406,BRIGGS EQUIPMENT UK LTD,5814503.0,QE,JKS
GG0539086,8001822.0,17,379.0805882352941,6444.37,2018-01-01,R1799,W ROBINSON & SONS (EC) LTD,5814476.0,LMM,KLL
DD0739086,8001381.0,19,6.415263157894737,121.89,2018-01-01,B0276,BONDS PLC,5814474.0,DLM,PL
FF0439086,8003523.0,11,96.13181818181819,1057.45,2018-01-01,L0918,LOCUSRITE LTD,5810099.0,JKS,JKS
HH0939093,8000370.0,8,472.015,3776.12,2018-01-01,S1506,SUNSHINE SUSSEX LTD,5814460.0,LMM,JKS
AA0539107,8003224.0,19,2234.5163157894735,42455.81,2018-01-01,H0218,TONY HAMER & SONS LTD,5814457.0,PL,JKS
CC0339093,8001704.0,1,4865.75,4865.75,2018-01-01,E1353,EMMETI UK,5814423.0,QE,LMM
GG0339100,8002693.0,10,1.058,10.58,2018-01-01,F9483,FULWOOD SUPPLIES LTD,5814405.0,LMM,QE
FF1339093,8003290.0,1,1896.32,1896.32,2018-01-01,E9330,EAST LONDON PACKAGING SUPPLIES LTD,5814399.0,JKS,JKS
GG0639100,8003981.0,1,12199.79,12199.79,2018-01-01,H2214,HILCREST DESIGN LTD,5814392.0,DLM,QE
FF0339086,8001143.0,8,192.9875,1543.9,2018-01-01,J0114,NORMAN JAMIESON LTD,5810119.0,QE,LMM
FF0539086,8000499.0,5,425.19399999999996,2125.97,2018-01-01,L5967,SPEEDY LGH LTD,5814382.0,KLL,JKS
EE0839086,8003625.0,22,1514.5004545454547,33319.01,2018-01-01,B4406,BRIGGS EQUIPMENT UK LTD,5814348.0,PL,LMM
HH0639107,8000216.0,3,1614.0733333333335,4842.22,2018-01-01,R1438,RED FUNNEL,5814343.0,JKS,JKS
DD0939086,8000706.0,16,3692.5425,59080.68,2018-01-01,B4406,BRIGGS EQUIPMENT UK LTD,5814331.0,KLL,QE
AA0339093,8000604.0,17,605.9970588235294,10301.95,2018-01-01,S1497,STOWNHALL (HEIGHTINGTON),5814317.0,PL,LMM
HH0839086,8002082.0,5,3.7880000000000003,18.94,2018-01-01,C1719,G CROOK & SONS,5814312.0,PL,JKS
AA0839086,8000321.0,18,22.459444444444443,404.27,2018-01-01,R1799,W ROBINSON & SONS (EC) LTD,5814283.0,PL,DLM
EE0239093,8003102.0,7,176.30428571428573,1234.13,2018-01-01,S3729,SAFESTAND LTD,5814256.0,LMM,LMM
EE0639086,8001941.0,10,13.9,139.0,2018-01-01,B0798,ERNEST BENNETT (SHEFFIELD) LTD.,5814168.0,JKS,PL
FF0939086,8001843.0,16,535.79125,8572.66,2018-01-01,R1022,RMD KWIKFORM LIMITED,5814143.0,KLL,JKS
GG1239086,8002774.0,22,479.00045454545455,10538.01,2018-01-01,A0206,ACORN PACKAGING,5814125.0,QE,QE
HH1439100,8000891.0,20,581.3055,11626.11,2018-01-01,P1277,PROGRESSIVE PRODUCTS LTD,5814123.0,KLL,PL
HH1339086,8003927.0,11,1251.2145454545455,13763.36,2018-01-01,N0391,NIFTYLIFT LTD.,5814115.0,DLM,LMM
HH0139093,8003891.0,24,1035.6058333333333,24854.54,2018-01-01,T9699,TAYLOR MAXWELL & CO LTD,5810153.0,LMM,JKS
AA0539100,8000714.0,14,237.12642857142856,3319.77,2018-01-01,H0218,TONY HAMER & SONS LTD,5814049.0,JKS,QE
CC0839093,8002530.0,13,3937.3723076923075,51185.84,2018-01-01,B4406,BRIGGS EQUIPMENT UK LTD,5814028.0,DLM,DLM
FF0139086,8000057.0,2,427.31,854.62,2018-01-01,T0337,TOUPRET (UK),5814022.0,DLM,LMM
HH0739086,8001071.0,9,205.4688888888889,1849.22,2018-01-01,S4217,SVR PLASTICS LTD,5810165.0,LMM,QE
CC0439107,8000651.0,22,521.89,11481.58,2018-01-01,K9389,KEEL SUPPLY LTD,5813995.0,JKS,PL
GG1239093,8000053.0,9,849.8911111111112,7649.02,2018-01-01,A0206,ACORN PACKAGING,5810168.0,QE,DLM
AA0439093,8002091.0,3,19544.813333333335,58634.44,2018-01-01,B4406,BRIGGS EQUIPMENT UK LTD,5813979.0,PL,PL
GG0239086,8000978.0,13,480.79846153846154,6250.38,2018-01-01,M0741,MACE INDUSTRIES LTD,5813971.0,KLL,JKS
AA0739086,8003922.0,11,1812.99,19942.89,2018-01-01,B4406,BRIGGS EQUIPMENT UK LTD,5813951.0,JKS,LMM
FF0239093,8003069.0,9,6338.3133333333335,57044.82,2018-01-01,B4406,BRIGGS EQUIPMENT UK LTD,5810175.0,KLL,KLL
HH1039093,8001351.0,15,1163.9646666666667,17459.47,2018-01-01,B4406,BRIGGS EQUIPMENT UK LTD,5813930.0,QE,PL
FF0239100,8002138.0,23,802.3686956521739,18454.48,2018-01-01,B4406,BRIGGS EQUIPMENT UK LTD,5813918.0,KLL,LMM
FF0239107,8001720.0,24,9176.674166666666,220240.18,2018-01-01,B4406,BRIGGS EQUIPMENT UK LTD,5813877.0,PL,PL
GG1039093,8002405.0,9,2740.3355555555554,24663.02,2018-01-01,S0825,SALEPOINT LTD,5813844.0,DLM,PL
BB1039093,8003547.0,15,883.694,13255.41,2018-01-01,J0475,T W JONES,5810195.0,QE,QE
AA1039107,8000274.0,15,499.968,7499.52,2018-01-01,M2497,M P BODY LTD,5813836.0,DLM,PL
GG0739086,8002221.0,10,408.428,4084.28,2018-01-01,S0496,DOUGLAS SCOTT,5813829.0,KLL,DLM
EE0839093,8000871.0,13,857.9146153846153,11152.89,2018-01-01,B4406,BRIGGS EQUIPMENT UK LTD,5810203.0,PL,KLL
DD0239086,8000973.0,1,3142.78,3142.78,2018-01-01,S1497,STOWNHALL (HEIGHTINGTON),5813775.0,DLM,QE
HH0939100,8000359.0,8,118.3525,946.82,2018-01-01,S1506,SUNSHINE SUSSEX LTD,5813757.0,KLL,PL
AA1239100,8001243.0,4,1509.0125,6036.05,2018-01-01,M1159,MATCH BOARD INTERNATIONAL LTD,5810209.0,LMM,QE
GG1139086,8003070.0,4,26.0125,104.05,2018-01-01,F9584,FILPLASTICS(UK)LTD,5813724.0,KLL,JKS
FF0939100,8001284.0,21,591.7209523809523,12426.14,2018-01-01,R1022,RMD KWIKFORM LIMITED,5813708.0,KLL,PL
BB0539093,8003998.0,2,5067.75,10135.5,2018-01-01,L0988,LYRECO UK LIMITED,5810216.0,KLL,KLL
HH1339093,8003299.0,4,2385.985,9543.94,2018-01-01,N0391,NIFTYLIFT LTD.,5813687.0,LMM,JKS
HH1339100,8001986.0,1,7132.84,7132.84,2018-01-01,N0391,NIFTYLIFT LTD.,5810220.0,LMM,JKS
EE1039093,8002261.0,4,13100.8825,52403.53,2018-01-01,B4406,BRIGGS EQUIPMENT UK LTD,5813669.0,LMM,DLM
BB0739100,8002204.0,25,470.5952,11764.88,2018-01-01,Y0071,A C YULE GROUP,5813665.0,QE,PL
FF0639086,8003485.0,10,279.631,2796.31,2018-01-01,D1501,DAVLYN PROPERTIES (WIGAN) LTD,5810225.0,JKS,KLL
GG0739093,8000887.0,14,191.39214285714283,2679.49,2018-01-01,S0496,DOUGLAS SCOTT,5813658.0,KLL,QE
DD0139100,8002527.0,25,378.04839999999996,9451.21,2018-01-01,S0825,SALEPOINT LTD,5813603.0,KLL,LMM
FF1139100,8000745.0,8,128.3925,1027.14,2018-01-01,V9138,VOLUMATIC LTD,5813557.0,LMM,DLM
HH0339086,8000985.0,5,2960.296,14801.48,2018-01-01,Y0071,A C YULE GROUP,5810247.0,QE,DLM
GG0939086,8002323.0,15,341.37533333333334,5120.63,2018-01-01,P0532,JOSEPH PARR (ALCO) LTD.,5813533.0,KLL,KLL
EE0939100,8002154.0,15,75.58,1133.7,2018-01-01,C3697,CHEMAIDE LTD,5813532.0,KLL,KLL
AA0339086,8002234.0,6,1558.755,9352.53,2018-01-01,S1497,STOWNHALL (HEIGHTINGTON),5813522.0,KLL,KLL
CC0139086,8002043.0,24,507.21458333333334,12173.15,2018-01-01,M2152,MCM (UK) LTD,5813491.0,LMM,QE
HH0239093,8000103.0,23,2866.1847826086955,65922.25,2018-01-01,B4406,BRIGGS EQUIPMENT UK LTD,5813476.0,LMM,QE
GG1439107,8001826.0,22,297.81772727272727,6551.99,2018-01-01,M1473,MEDLAND SANDERS AND TWOSE LIMITED,5813390.0,PL,KLL
BB0439093,8002536.0,1,2683.75,2683.75,2018-01-01,E9330,EAST LONDON PACKAGING SUPPLIES LTD,5813383.0,LMM,PL
DD0239114,8000631.0,13,148.80769230769232,1934.5,2018-01-01,S1497,STOWNHALL (HEIGHTINGTON),5813376.0,LMM,LMM
CC0539100,8002806.0,6,3742.366666666667,22454.2,2018-01-01,B4406,BRIGGS EQUIPMENT UK LTD,5813369.0,JKS,LMM
HH1439107,8002574.0,12,8653.451666666666,103841.42,2018-01-01,P1277,PROGRESSIVE PRODUCTS LTD,5813366.0,QE,QE
GG0339093,8000638.0,2,13.045,26.09,2018-01-01,F9483,FULWOOD SUPPLIES LTD,5813353.0,QE,PL
CC0639093,8003669.0,10,3.4259999999999997,34.26,2018-01-01,A0521,R F AMIES(KIDDERMINSTER)LTD,5813351.0,QE,JKS
FF1439100,8003510.0,10,9657.833,96578.33,2018-01-01,B4406,BRIGGS EQUIPMENT UK LTD,5813346.0,JKS,JKS
GG0739107,8002485.0,6,1646.14,9876.84,2018-01-01,S0496,DOUGLAS SCOTT,5813264.0,LMM,LMM
HH1539100,8000168.0,11,1623.6127272727274,17859.74,2018-01-01,B4406,BRIGGS EQUIPMENT UK LTD,5813199.0,QE,QE
EE0539086,8001234.0,23,90.91260869565217,2090.99,2018-01-01,G1095,GEM SUPPLIES LTD,5813184.0,KLL,PL
AA1139086,8002121.0,23,42.44826086956522,976.31,2018-01-01,S0400,SIMMONS OF STAFFORD,5813155.0,DLM,KLL
BB0739093,8003934.0,22,37.555454545454545,826.22,2018-01-01,Y0071,A C YULE GROUP,5810315.0,PL,JKS
GG0439093,8000708.0,6,1078.18,6469.08,2018-01-01,P1802,PRAMAC (UK) LTD,5813122.0,DLM,QE
EE0339086,8003066.0,25,13.8748,346.87,2018-01-01,J0126,ALAN R JONES & SONS LTD,5813121.0,KLL,QE
HH1639100,8001454.0,21,86.95,1825.95,2018-01-01,H1011,ROSS HILLMAN LTD,5813085.0,KLL,KLL
GG0939114,8000872.0,21,91.29095238095238,1917.11,2018-01-01,P0532,JOSEPH PARR (ALCO) LTD.,5813084.0,LMM,QE
EE0939107,8000241.0,1,7827.45,7827.45,2018-01-01,C3697,CHEMAIDE LTD,5813079.0,JKS,LMM
BB0339086,8002184.0,14,558.4278571428571,7817.99,2018-01-01,P3067,PROBILT,5813055.0,KLL,DLM
CC0439086,8003164.0,16,224.98625,3599.78,2018-01-01,K9389,KEEL SUPPLY LTD,5812928.0,KLL,DLM
HH1439093,8001552.0,21,316.3995238095238,6644.39,2018-01-01,P1277,PROGRESSIVE PRODUCTS LTD,5812902.0,JKS,JKS
DD0239093,8000673.0,21,84.17238095238095,1767.62,2018-01-01,S1497,STOWNHALL (HEIGHTINGTON),5812900.0,LMM,DLM
DD0539100,8000357.0,2,494.38,988.76,2018-01-01,P9627,PACKEXE LTD,5812885.0,DLM,KLL
FF1239086,8001218.0,6,351.61833333333334,2109.71,2018-01-01,S2894,SETON LIMITED,5812867.0,JKS,DLM
BB1039086,8001523.0,5,6510.2519999999995,32551.26,2018-01-01,J0475,T W JONES,5812818.0,QE,PL
FF0139093,8003540.0,3,137.46,412.38,2018-01-01,T0337,TOUPRET (UK),5812801.0,JKS,JKS
BB0239100,8003704.0,13,23.106153846153845,300.38,2018-01-01,W1481,WALLACE CAMERON & CO LTD,5812792.0,DLM,PL
FF0339107,8001121.0,12,1483.7825,17805.39,2018-01-01,J0114,NORMAN JAMIESON LTD,5812762.0,JKS,LMM
BB0739086,8003241.0,16,204.349375,3269.59,2018-01-01,Y0071,A C YULE GROUP,5812737.0,PL,QE
DD0539086,8003474.0,19,1038.0473684210526,19722.9,2018-01-01,P9627,PACKEXE LTD,5812659.0,QE,PL
FF1539093,8001845.0,5,1370.2379999999998,6851.19,2018-01-01,M0741,MACE INDUSTRIES LTD,5812639.0,DLM,QE
HH1639086,8003258.0,17,16.648235294117647,283.02,2018-01-01,H1011,ROSS HILLMAN LTD,5812634.0,DLM,JKS
GG1039107,8001155.0,3,30169.809999999998,90509.43,2018-01-01,S0825,SALEPOINT LTD,5812603.0,KLL,QE
AA0739093,8000791.0,24,1366.8941666666667,32805.46,2018-01-01,B4406,BRIGGS EQUIPMENT UK LTD,5812581.0,LMM,QE
HH1139086,8003855.0,10,4359.459,43594.59,2018-01-01,S0825,SALEPOINT LTD,5812546.0,JKS,QE
FF0339093,8000890.0,19,190.04526315789474,3610.86,2018-01-01,J0114,NORMAN JAMIESON LTD,5812542.0,JKS,JKS
HH0939086,8002451.0,11,148.35090909090908,1631.86,2018-01-01,S1506,SUNSHINE SUSSEX LTD,5812532.0,DLM,LMM
FF1439107,8000080.0,4,74975.9625,299903.85,2018-01-01,B4406,BRIGGS EQUIPMENT UK LTD,5812526.0,LMM,QE
BB0439100,8003231.0,25,38.0268,950.67,2018-01-01,E9330,EAST LONDON PACKAGING SUPPLIES LTD,5812485.0,PL,DLM
GG0139093,8001411.0,2,537.455,1074.91,2018-01-01,S3339,THE SPECTRA GROUP LTD,5812414.0,JKS,JKS
AA1239093,8001818.0,20,153.79749999999999,3075.95,2018-01-01,M1159,MATCH BOARD INTERNATIONAL LTD,5812406.0,LMM,LMM
HH0139086,8001833.0,18,145.1361111111111,2612.45,2018-01-01,T9699,TAYLOR MAXWELL & CO LTD,5812400.0,LMM,QE
DD0639093,8000794.0,19,1.691578947368421,32.14,2018-01-01,F1039,FIRSTSERVE TRADE LTD,5812387.0,KLL,QE
EE0239086,8002869.0,18,81.19277777777778,1461.47,2018-01-01,S3729,SAFESTAND LTD,5812336.0,KLL,LMM
HH1739093,8000780.0,2,978.775,1957.55,2018-01-01,R0477,G REEKIE GROUP LTD,5812303.0,LMM,DLM
EE0739107,8001594.0,11,1273.4027272727274,14007.43,2018-01-01,R1310,RESPONSIVE DESIGNS,5812287.0,PL,QE
EE0139093,8003572.0,1,95.76,95.76,2018-01-01,B0007,BLUE DIAMOND TECHNOLOGIES LTD,5812286.0,PL,QE
FF1439086,8000086.0,2,4707.39,9414.78,2018-01-01,P1277,PROGRESSIVE PRODUCTS LTD,5812238.0,KLL,KLL
CC0539086,8000907.0,24,371.03583333333336,8904.86,2018-01-01,B4406,BRIGGS EQUIPMENT UK LTD,5812228.0,PL,QE
HH1239100,8000411.0,24,639.5329166666667,15348.79,2018-01-01,M1473,MEDLAND SANDERS AND TWOSE LIMITED,5812207.0,JKS,PL
CC0339086,8000960.0,3,1642.4233333333334,4927.27,2018-01-01,E1353,EMMETI UK,5812199.0,DLM,JKS
GG1139100,8000851.0,1,461.42,461.42,2018-01-01,F9584,FILPLASTICS(UK)LTD,5812194.0,JKS,PL
AA0939100,8002306.0,10,625.25,6252.5,2018-01-01,P1277,PROGRESSIVE PRODUCTS LTD,5812192.0,LMM,QE
CC0739086,8002649.0,6,300.1466666666667,1800.88,2018-01-01,M2288,M J MAILLIS (UK) LTD,5812175.0,QE,LMM
FF0939093,8001546.0,15,38.816,582.24,2018-01-01,R1022,RMD KWIKFORM LIMITED,5810434.0,LMM,DLM
DD0939100,8003522.0,17,3011.8835294117644,51202.02,2018-01-01,B4406,BRIGGS EQUIPMENT UK LTD,5812172.0,JKS,JKS
BB0239107,8002025.0,15,103.43466666666667,1551.52,2018-01-01,W1481,WALLACE CAMERON & CO LTD,5812170.0,LMM,KLL
HH1239093,8003486.0,16,774.741875,12395.87,2018-01-01,M1473,MEDLAND SANDERS AND TWOSE LIMITED,5812162.0,QE,DLM
GG0539100,8002052.0,23,69.3508695652174,1595.07,2018-01-01,R1799,W ROBINSON & SONS (EC) LTD,5812157.0,LMM,KLL
BB0439086,8002450.0,21,489.1557142857143,10272.27,2018-01-01,E9330,EAST LONDON PACKAGING SUPPLIES LTD,5812154.0,KLL,PL
HH0439093,8003158.0,15,180.85600000000002,2712.84,2018-01-01,V9077,VIBROPLANT PLC,5812133.0,QE,PL
FF1439093,8002755.0,5,4165.188,20825.94,2018-01-01,B4406,BRIGGS EQUIPMENT UK LTD,5810450.0,DLM,JKS
DD0339086,8001227.0,21,11.063333333333334,232.33,2018-01-01,A3263,ARTHOUSE LTD,5812099.0,JKS,PL
GG1339093,8003256.0,4,6409.965,25639.86,2018-01-01,P4251,PHS GROUP LTD,5812077.0,KLL,KLL
GG1039086,8002339.0,21,908.812380952381,19085.06,2018-01-01,S0825,SALEPOINT LTD,5812068.0,LMM,PL
HH0439100,8003015.0,21,286.4761904761905,6016.0,2018-01-01,V9077,VIBROPLANT PLC,5812059.0,LMM,PL
FF1539086,8001298.0,8,2435.0525,19480.42,2018-01-01,M0741,MACE INDUSTRIES LTD,5810459.0,QE,DLM
EE0739093,8001066.0,2,1677.405,3354.81,2018-01-01,R1310,RESPONSIVE DESIGNS,5812016.0,LMM,QE
GG1239107,8003489.0,17,1973.3888235294119,33547.61,2018-01-01,A0206,ACORN PACKAGING,5811958.0,LMM,JKS
HH1539093,8003644.0,3,11213.769999999999,33641.31,2018-01-01,B4406,BRIGGS EQUIPMENT UK LTD,5811952.0,LMM,QE
AA0839100,8003916.0,15,829.8960000000001,12448.44,2018-01-01,S1748,SOUNDSORBA LTD,5811946.0,JKS,DLM
CC0739093,8001850.0,21,53.3495238095238,1120.34,2018-01-01,M2288,M J MAILLIS (UK) LTD,5811927.0,KLL,PL
DD0839100,8000790.0,24,27.957083333333333,670.97,2018-01-01,N0068,D & G NOBLE LTD,5811923.0,DLM,LMM
GG0639086,8002983.0,16,1147.43875,18359.02,2018-01-01,H2214,HILCREST DESIGN LTD,5811864.0,PL,KLL
FF0439100,8001094.0,14,67.5292857142857,945.41,2018-01-01,L0918,LOCUSRITE LTD,5811860.0,KLL,QE
HH1839086,8001582.0,23,195.50478260869565,4496.61,2018-01-01,J0500,JIS (EUROPE) LIMITED,5811840.0,JKS,DLM
EE0739086,8002910.0,22,176.91636363636363,3892.16,2018-01-01,R1310,RESPONSIVE DESIGNS,5811836.0,PL,PL
CC0239107,8003370.0,24,1550.5141666666666,37212.34,2018-01-01,B9565,BUTLER REYNOLDS LTD,5811832.0,JKS,LMM
HH1939086,8001815.0,4,759.55,3038.2,2018-01-01,S2423,M C SALTER & SON LTD,5811781.0,KLL,JKS
AA0639100,8001758.0,24,3.872916666666667,92.95,2018-01-01,W1599,WORTHINGTON & GRAHAM LTD,5811776.0,KLL,QE
CC1039107,8003725.0,13,33538.20615384616,435996.68,2018-01-01,J0460,J A JACKSON CONTRACTORS(PRESTON)LTD,5811755.0,PL,DLM
AA0939093,8002559.0,20,439.31850000000003,8786.37,2018-01-01,P1277,PROGRESSIVE PRODUCTS LTD,5811704.0,KLL,PL
GG1339086,8003114.0,4,1348.595,5394.38,2018-01-01,P4251,PHS GROUP LTD,5811696.0,JKS,DLM
AA0239086,8000746.0,11,4921.648181818182,54138.13,2018-01-01,B4406,BRIGGS EQUIPMENT UK LTD,5811679.0,PL,KLL
CC0439093,8000175.0,17,120.66117647058822,2051.24,2018-01-01,K9389,KEEL SUPPLY LTD,5810507.0,QE,QE
EE0439093,8003786.0,19,1054.4389473684212,20034.34,2018-01-01,G1201,GRAFTERS,5810511.0,PL,LMM
EE0839100,8003478.0,25,792.8728,19821.82,2018-01-01,B4406,BRIGGS EQUIPMENT UK LTD,5811593.0,LMM,PL
CC1039086,8000043.0,20,9205.6115,184112.23,2018-01-01,J0460,J A JACKSON CONTRACTORS(PRESTON)LTD,5811580.0,DLM,LMM
DD0439100,8003778.0,13,1215.0907692307692,15796.18,2018-01-01,R1055,RAVENSTOCK MSG LIMITED,5811552.0,JKS,LMM
GG0339086,8000639.0,4,0.3525,1.41,2018-01-01,F9483,FULWOOD SUPPLIES LTD,5810525.0,DLM,JKS
AA0439086,8003818.0,13,2065.139230769231,26846.81,2018-01-01,B4406,BRIGGS EQUIPMENT UK LTD,5811549.0,DLM,KLL
GG1439100,8001411.0,19,59.457368421052635,1129.69,2018-01-01,M1473,MEDLAND SANDERS AND TWOSE LIMITED,5810529.0,PL,LMM
CC0439100,8002476.0,25,212.396,5309.9,2018-01-01,K9389,KEEL SUPPLY LTD,5811525.0,KLL,KLL
AA0139086,8003201.0,17,395.06529411764706,6716.11,2018-01-01,J0475,T W JONES,5811508.0,JKS,QE
CC0939086,8001660.0,14,105.93785714285715,1483.13,2018-01-01,E1277,ELB PARTNERS LTD,5811464.0,LMM,QE
BB0939100,8002715.0,1,15254.23,15254.23,2018-01-01,R1438,RED FUNNEL,5811461.0,JKS,PL
AA0239093,8003761.0,7,5653.160000000001,39572.12,2018-01-01,B4406,BRIGGS EQUIPMENT UK LTD,5811457.0,JKS,JKS
DD0339093,8001584.0,1,2180.35,2180.35,2018-01-01,A3263,ARTHOUSE LTD,5810541.0,JKS,PL
GG0839100,8000494.0,8,1343.65625,10749.25,2018-01-01,S0825,SALEPOINT LTD,5811407.0,JKS,DLM
GG0439086,8000931.0,17,904.0258823529412,15368.44,2018-01-01,P1802,PRAMAC (UK) LTD,5810549.0,PL,PL
EE1039100,8002929.0,12,3890.596666666667,46687.16,2018-01-01,B4406,BRIGGS EQUIPMENT UK LTD,5811311.0,DLM,QE
DD0639086,8002409.0,14,8.722857142857142,122.12,2018-01-01,F1039,FIRSTSERVE TRADE LTD,5811295.0,KLL,KLL
FF0839093,8001820.0,12,54.778333333333336,657.34,2018-01-01,G1201,GRAFTERS,5811275.0,KLL,DLM
FF1339086,8001097.0,10,955.784,9557.84,2018-01-01,E9330,EAST LONDON PACKAGING SUPPLIES LTD,5810559.0,LMM,DLM
CC1039093,8002646.0,14,7420.387142857143,103885.42,2018-01-01,J0460,J A JACKSON CONTRACTORS(PRESTON)LTD,5811266.0,QE,PL
BB0939093,8002475.0,25,331.57199999999995,8289.3,2018-01-01,R1438,RED FUNNEL,5810565.0,JKS,JKS
AA0639086,8002625.0,17,7.898235294117647,134.27,2018-01-01,W1599,WORTHINGTON & GRAHAM LTD,5811226.0,QE,DLM
HH0239086,8002418.0,2,475.805,951.61,2018-01-01,B4406,BRIGGS EQUIPMENT UK LTD,5811202.0,JKS,LMM
DD0439086,8002568.0,10,404.04699999999997,4040.47,2018-01-01,R1055,RAVENSTOCK MSG LIMITED,5811189.0,QE,DLM
AA0539086,8001669.0,6,884.9283333333333,5309.57,2018-01-01,H0218,TONY HAMER & SONS LTD,5811182.0,KLL,KLL
CC0839086,8001318.0,18,2530.6405555555557,45551.53,2018-01-01,B4406,BRIGGS EQUIPMENT UK LTD,5811156.0,DLM,PL
HH1439086,8001786.0,21,183.24190476190475,3848.08,2018-01-01,P1277,PROGRESSIVE PRODUCTS LTD,5811115.0,PL,KLL
HH1739086,8002252.0,12,13.023333333333333,156.28,2018-01-01,R0477,G REEKIE GROUP LTD,5810583.0,LMM,LMM
FF1539100,8003126.0,5,3558.982,17794.91,2018-01-01,M0741,MACE INDUSTRIES LTD,5811092.0,QE,DLM
FF0439107,8002567.0,20,924.0459999999999,18480.92,2018-01-01,L0918,LOCUSRITE LTD,5811032.0,PL,LMM
BB0239114,8002016.0,10,58.42100000000001,584.21,2018-01-01,W1481,WALLACE CAMERON & CO LTD,5811021.0,DLM,QE
DD0439093,8002624.0,2,2400.69,4801.38,2018-01-01,R1055,RAVENSTOCK MSG LIMITED,5811017.0,LMM,DLM
FF1039086,8003491.0,10,1116.875,11168.75,2018-01-01,P0969,PLASTECH LTD,5811008.0,PL,KLL
BB0339093,8002203.0,11,449.8890909090909,4948.78,2018-01-01,P3067,PROBILT,5810999.0,PL,DLM
HH0639086,8001415.0,12,183.58166666666668,2202.98,2018-01-01,R1438,RED FUNNEL,5810900.0,DLM,JKS
GG0839093,8002720.0,3,6646.073333333334,19938.22,2018-01-01,S0825,SALEPOINT LTD,5810843.0,PL,JKS
GG0139100,8003600.0,25,0.8164,20.41,2018-01-01,S3339,THE SPECTRA GROUP LTD,5810841.0,DLM,LMM
EE1039086,8003577.0,19,1828.9805263157893,34750.63,2018-01-01,B4406,BRIGGS EQUIPMENT UK LTD,5810837.0,LMM,QE
DD0139086,8002193.0,9,596.5133333333333,5368.62,2018-01-01,S0825,SALEPOINT LTD,5810826.0,LMM,JKS
FF0639114,8000185.0,8,3769.3525,30154.82,2018-01-01,D1501,DAVLYN PROPERTIES (WIGAN) LTD,5810762.0,JKS,KLL
FF1039093,8002479.0,1,6760.03,6760.03,2018-01-01,P0969,PLASTECH LTD,5810744.0,QE,PL
HH1239086,8003606.0,9,3737.763333333334,33639.87,2018-01-01,M1473,MEDLAND SANDERS AND TWOSE LIMITED,5810712.0,JKS,LMM
BB0339100,8000702.0,15,644.1653333333333,9662.48,2018-01-01,P3067,PROBILT,5810692.0,KLL,LMM
EE0939093,8001638.0,25,26.8144,670.36,2018-01-01,C3697,CHEMAIDE LTD,5810690.0,QE,PL
BB0139086,8001330.0,9,28.297777777777778,254.68,2018-01-02,A3452,ALLBUILD PRODUCTS,5814947.0,QE,QE
CC0939114,8000665.0,5,81.066,405.33,2018-01-02,E1277,ELB PARTNERS LTD,5814769.0,DLM,JKS
AA0539114,8001594.0,2,7430.63,14861.26,2018-01-02,H0218,TONY HAMER & SONS LTD,5814721.0,JKS,PL
FF0739107,8003848.0,7,7150.848571428572,50055.94,2018-01-02,E0120,ELLIOTT GROUP LTD,5813967.0,DLM,PL
AA0639107,8003197.0,20,140.9805,2819.61,2018-01-02,W1599,WORTHINGTON & GRAHAM LTD,5813681.0,PL,DLM
DD0839107,8003678.0,16,361.33,5781.28,2018-01-02,N0068,D & G NOBLE LTD,5813561.0,JKS,PL
AA1039100,8001256.0,11,382.5,4207.5,2018-01-02,M2497,M P BODY LTD,5813537.0,KLL,JKS
HH0639100,8003444.0,12,61.02916666666667,732.35,2018-01-02,R1438,RED FUNNEL,5813470.0,DLM,LMM
CC0939107,8002552.0,20,203.12449999999998,4062.49,2018-01-02,E1277,ELB PARTNERS LTD,5813461.0,KLL,LMM
FF0639100,8003689.0,3,1461.1366666666665,4383.41,2018-01-02,D1501,DAVLYN PROPERTIES (WIGAN) LTD,5812122.0,JKS,KLL
DD0839086,8000867.0,6,205.45333333333335,1232.72,2018-01-02,N0068,D & G NOBLE LTD,5810494.0,QE,JKS
FF0639093,8002263.0,8,1053.34,8426.72,2018-01-02,D1501,DAVLYN PROPERTIES (WIGAN) LTD,5811717.0,LMM,QE
FF1239114,8003074.0,2,1666.005,3332.01,2018-01-02,S2894,SETON LIMITED,5811581.0,QE,KLL
HH1739100,8003026.0,3,24.676666666666666,74.03,2018-01-02,R0477,G REEKIE GROUP LTD,5811402.0,QE,QE
CC1139114,8002763.0,3,5468.09,16404.27,2018-01-02,S0496,DOUGLAS SCOTT,5810844.0,PL,DLM
CC1139086,8002040.0,13,910.3684615384616,11834.79,2018-01-03,S0496,DOUGLAS SCOTT,5814963.0,PL,JKS
EE0439086,8002745.0,13,2963.6030769230765,38526.84,2018-01-03,G1201,GRAFTERS,5814200.0,QE,DLM
HH0439107,8000124.0,16,980.59625,15689.54,2018-01-03,V9077,VIBROPLANT PLC,5814184.0,KLL,JKS
GG0339107,8000305.0,22,4.678636363636364,102.93,2018-01-03,F9483,FULWOOD SUPPLIES LTD,5813604.0,QE,JKS
GG0239093,8001184.0,22,112.60454545454546,2477.3,2018-01-03,M0741,MACE INDUSTRIES LTD,5813348.0,LMM,DLM
HH1039100,8003862.0,5,15425.851999999999,77129.26,2018-01-03,B4406,BRIGGS EQUIPMENT UK LTD,5813282.0,LMM,DLM
AA1139093,8001156.0,21,69.36428571428571,1456.65,2018-01-03,S0400,SIMMONS OF STAFFORD,5813158.0,PL,QE
AA0339100,8001543.0,3,9736.706666666667,29210.12,2018-01-03,S1497,STOWNHALL (HEIGHTINGTON),5813007.0,PL,JKS
CC0739107,8003541.0,25,179.0692,4476.73,2018-01-03,M2288,M J MAILLIS (UK) LTD,5810437.0,KLL,PL
HH1839093,8000083.0,8,696.39,5571.12,2018-01-03,J0500,JIS (EUROPE) LIMITED,5810443.0,LMM,PL
FF0139107,8003749.0,3,5343.57,16030.71,2018-01-03,T0337,TOUPRET (UK),5812030.0,KLL,PL
DD0139093,8002798.0,22,450.2195454545454,9904.83,2018-01-03,S0825,SALEPOINT LTD,5810528.0,JKS,PL
GG1439086,8002070.0,14,139.87214285714285,1958.21,2018-01-03,M1473,MEDLAND SANDERS AND TWOSE LIMITED,5811332.0,PL,DLM
FF0239086,8001689.0,11,3315.2981818181815,36468.28,2018-01-03,B4406,BRIGGS EQUIPMENT UK LTD,5810578.0,JKS,KLL
DD0139114,8003556.0,2,4629.735,9259.47,2018-01-03,S0825,SALEPOINT LTD,5810579.0,DLM,KLL
AA0439107,8000102.0,17,7833.7699999999995,133174.09,2018-01-03,B4406,BRIGGS EQUIPMENT UK LTD,5810790.0,QE,PL
GG1439093,8000588.0,1,2768.11,2768.11,2018-01-03,M1473,MEDLAND SANDERS AND TWOSE LIMITED,5810774.0,LMM,KLL
AA0339107,8002831.0,3,32521.296666666665,97563.89,2018-01-03,S1497,STOWNHALL (HEIGHTINGTON),5810743.0,PL,QE
DD0939107,8000624.0,25,10774.156,269353.9,2018-01-04,B4406,BRIGGS EQUIPMENT UK LTD,0.0,LMM,DLM
DD0639107,8002820.0,6,69.62833333333333,417.77,2018-01-04,F1039,FIRSTSERVE TRADE LTD,5814555.0,KLL,QE
CC0839114,8002068.0,5,5330.096,26650.48,2018-01-04,B4406,BRIGGS EQUIPMENT UK LTD,5814390.0,DLM,PL
HH1439114,8003962.0,19,160.1015789473684,3041.93,2018-01-04,P1277,PROGRESSIVE PRODUCTS LTD,5813957.0,QE,JKS
GG1339114,8002126.0,11,2774.9054545454546,30523.96,2018-01-04,P4251,PHS GROUP LTD,5813857.0,PL,DLM
AA1039086,8003926.0,25,92.4724,2311.81,2018-01-04,M2497,M P BODY LTD,5813760.0,KLL,LMM
FF0539100,8003213.0,19,83.78736842105263,1591.96,2018-01-04,L5967,SPEEDY LGH LTD,5813403.0,DLM,DLM
DD0739114,8000212.0,16,42.15875,674.54,2018-01-04,B0276,BONDS PLC,5813296.0,KLL,PL
FF1139107,8002369.0,25,115.288,2882.2,2018-01-04,V9138,VOLUMATIC LTD,5812628.0,DLM,QE
BB0939114,8002196.0,7,2862.434285714286,20037.04,2018-01-04,R1438,RED FUNNEL,5812462.0,LMM,LMM
EE0239107,8001784.0,22,210.36227272727274,4627.97,2018-01-04,S3729,SAFESTAND LTD,5812321.0,KLL,DLM
DD0739093,8002338.0,12,12.0675,144.81,2018-01-04,B0276,BONDS PLC,5811064.0,JKS,DLM
EE0839114,8003418.0,7,1453.6100000000001,10175.27,2018-01-04,B4406,BRIGGS EQUIPMENT UK LTD,5810607.0,JKS,PL
DD0439107,8001492.0,18,3218.942777777778,57940.97,2018-01-04,R1055,RAVENSTOCK MSG LIMITED,5810853.0,KLL,KLL
HH0839114,8003998.0,21,0.7276190476190476,15.28,2018-01-04,C1719,G CROOK & SONS,5810623.0,DLM,DLM
CC0939100,8002738.0,3,641.77,1925.31,2018-01-04,E1277,ELB PARTNERS LTD,5810627.0,LMM,PL
FF1139086,8003524.0,15,44.832,672.48,2018-01-04,V9138,VOLUMATIC LTD,5810800.0,JKS,PL
GG1139093,8001374.0,7,254.25285714285715,1779.77,2018-01-04,F9584,FILPLASTICS(UK)LTD,5810658.0,DLM,JKS
FF1039107,8000560.0,1,29115.35,29115.35,2018-01-05,P0969,PLASTECH LTD,5814699.0,DLM,QE
HH0539086,8000084.0,3,983.1133333333333,2949.34,2018-01-05,B4406,BRIGGS EQUIPMENT UK LTD,5814592.0,PL,DLM
HH1539086,8001417.0,8,673.83625,5390.69,2018-01-05,B4406,BRIGGS EQUIPMENT UK LTD,5814522.0,JKS,PL
BB0939086,8003245.0,11,2001.209090909091,22013.3,2018-01-05,R1438,RED FUNNEL,5814242.0,QE,KLL
HH0639093,8003510.0,21,99.64,2092.44,2018-01-05,R1438,RED FUNNEL,5814080.0,LMM,KLL
EE0939086,8002071.0,6,37.79,226.74,2018-01-05,C3697,CHEMAIDE LTD,5810180.0,PL,DLM
AA0239107,8000749.0,15,17036.223333333335,255543.35,2018-01-05,B4406,BRIGGS EQUIPMENT UK LTD,5813901.0,DLM,DLM
HH1539114,8002367.0,1,18375.92,18375.92,2018-01-05,B4406,BRIGGS EQUIPMENT UK LTD,5813777.0,QE,PL
EE0639093,8003535.0,19,36.57947368421053,695.01,2018-01-05,B0798,ERNEST BENNETT (SHEFFIELD) LTD.,5810205.0,PL,QE
CC0239093,8001927.0,12,18.016666666666666,216.2,2018-01-05,B9565,BUTLER REYNOLDS LTD,5813311.0,JKS,JKS
AA1239114,8000561.0,8,145.5425,1164.34,2018-01-05,M1159,MATCH BOARD INTERNATIONAL LTD,5813303.0,KLL,LMM
CC0839100,8001232.0,6,1159.565,6957.39,2018-01-05,B4406,BRIGGS EQUIPMENT UK LTD,5812911.0,JKS,QE
CC0239114,8002217.0,20,225.49650000000003,4509.93,2018-01-05,B9565,BUTLER REYNOLDS LTD,5812848.0,KLL,QE
GG0639093,8003290.0,14,730.6992857142858,10229.79,2018-01-05,H2214,HILCREST DESIGN LTD,5812721.0,QE,PL
GG0639114,8000870.0,14,1438.0864285714285,20133.21,2018-01-05,H2214,HILCREST DESIGN LTD,5812465.0,KLL,KLL
EE0139086,8002270.0,21,800.3009523809524,16806.32,2018-01-05,B0007,BLUE DIAMOND TECHNOLOGIES LTD,5812113.0,QE,QE
FF0539114,8003414.0,13,122.97538461538463,1598.68,2018-01-05,L5967,SPEEDY LGH LTD,5812106.0,KLL,PL
BB0539114,8000379.0,21,717.0557142857143,15058.17,2018-01-05,L0988,LYRECO UK LIMITED,5812056.0,DLM,JKS
CC0139107,8003275.0,1,82130.1,82130.1,2018-01-05,M2152,MCM (UK) LTD,5811462.0,DLM,DLM
HH1039107,8001311.0,17,9266.14411764706,157524.45,2018-01-05,B4406,BRIGGS EQUIPMENT UK LTD,5811207.0,JKS,JKS
HH0539093,8001768.0,9,1736.681111111111,15630.13,2018-01-05,B4406,BRIGGS EQUIPMENT UK LTD,5811128.0,DLM,KLL
BB0639114,8001326.0,10,465.563,4655.63,2018-01-05,J0460,J A JACKSON CONTRACTORS(PRESTON)LTD,5811070.0,JKS,JKS
GG0139086,8000308.0,10,66.672,666.72,2018-01-05,S3339,THE SPECTRA GROUP LTD,5810616.0,KLL,LMM
FF0839086,8002595.0,6,256.12666666666667,1536.76,2018-01-05,G1201,GRAFTERS,5810622.0,KLL,JKS
GG0139114,8001548.0,12,69.16666666666667,830.0,2018-01-06,S3339,THE SPECTRA GROUP LTD,5814974.0,DLM,LMM
HH0439114,8001156.0,23,320.9078260869565,7380.88,2018-01-06,V9077,VIBROPLANT PLC,5814952.0,QE,KLL
HH0739107,8001815.0,23,202.9786956521739,4668.51,2018-01-06,S4217,SVR PLASTICS LTD,5814908.0,QE,KLL
FF0139100,8000115.0,12,84.065,1008.78,2018-01-06,T0337,TOUPRET (UK),5814827.0,KLL,QE
HH0539107,8000966.0,3,29419.243333333332,88257.73,2018-01-06,B4406,BRIGGS EQUIPMENT UK LTD,5814439.0,KLL,QE
GG0239107,8003987.0,16,924.118125,14785.89,2018-01-06,M0741,MACE INDUSTRIES LTD,5814400.0,LMM,DLM
GG0939100,8001727.0,12,145.99416666666667,1751.93,2018-01-06,P0532,JOSEPH PARR (ALCO) LTD.,5813938.0,PL,PL
FF1339100,8003403.0,9,2596.1911111111112,23365.72,2018-01-06,E9330,EAST LONDON PACKAGING SUPPLIES LTD,5813141.0,QE,PL
HH0439086,8001124.0,10,2.162,21.62,2018-01-06,V9077,VIBROPLANT PLC,5812229.0,QE,DLM
DD0239100,8003236.0,20,50.5255,1010.51,2018-01-06,S1497,STOWNHALL (HEIGHTINGTON),5811485.0,JKS,PL
HH0239114,8002928.0,11,6919.096363636363,76110.06,2018-01-06,B4406,BRIGGS EQUIPMENT UK LTD,5810546.0,DLM,LMM
GG0139107,8002471.0,10,504.121,5041.21,2018-01-06,S3339,THE SPECTRA GROUP LTD,5811281.0,LMM,PL
CC0239100,8003747.0,18,495.09777777777776,8911.76,2018-01-06,B9565,BUTLER REYNOLDS LTD,5811028.0,JKS,QE
FF1239093,8002076.0,2,331.525,663.05,2018-01-07,S2894,SETON LIMITED,5814720.0,QE,JKS
FF1339114,8001290.0,23,1071.0047826086957,24633.11,2018-01-07,E9330,EAST LONDON PACKAGING SUPPLIES LTD,5814632.0,KLL,PL
CC0539093,8003123.0,12,2859.1566666666663,34309.88,2018-01-07,B4406,BRIGGS EQUIPMENT UK LTD,5813833.0,DLM,KLL
HH0339093,8001076.0,22,1635.4804545454544,35980.57,2018-01-07,Y0071,A C YULE GROUP,5813550.0,JKS,KLL
CC0139100,8000695.0,11,216.99909090909088,2386.99,2018-01-07,M2152,MCM (UK) LTD,5810329.0,LMM,LMM
GG1439114,8001264.0,5,609.458,3047.29,2018-01-07,M1473,MEDLAND SANDERS AND TWOSE LIMITED,5812642.0,PL,QE
CC0139093,8001647.0,4,1612.815,6451.26,2018-01-07,M2152,MCM (UK) LTD,5810388.0,LMM,JKS
HH0239107,8001646.0,5,33593.664000000004,167968.32,2018-01-07,B4406,BRIGGS EQUIPMENT UK LTD,5812214.0,LMM,QE
AA0839114,8000115.0,8,1388.78875,11110.31,2018-01-07,S1748,SOUNDSORBA LTD,5811954.0,KLL,PL
HH0939114,8003937.0,24,176.36749999999998,4232.82,2018-01-07,S1506,SUNSHINE SUSSEX LTD,5811901.0,LMM,LMM
BB0139114,8003530.0,20,45.3335,906.67,2018-01-07,A3452,ALLBUILD PRODUCTS,5811895.0,DLM,LMM
EE0339093,8001485.0,6,92.71666666666665,556.3,2018-01-07,J0126,ALAN R JONES & SONS LTD,5811849.0,PL,DLM
HH1139093,8001728.0,14,2088.0842857142857,29233.18,2018-01-07,S0825,SALEPOINT LTD,5811511.0,QE,QE
HH1839100,8003809.0,6,499.29833333333335,2995.79,2018-01-07,J0500,JIS (EUROPE) LIMITED,5811434.0,DLM,JKS
HH0139121,8003689.0,5,4800.374,24001.87,2018-01-07,T9699,TAYLOR MAXWELL & CO LTD,5811254.0,LMM,PL
HH1539107,8002818.0,20,5234.713,104694.26,2018-01-08,B4406,BRIGGS EQUIPMENT UK LTD,5814997.0,JKS,JKS
GG0939093,8002664.0,20,289.568,5791.36,2018-01-08,P0532,JOSEPH PARR (ALCO) LTD.,5814663.0,JKS,QE
EE0739100,8003926.0,21,25.242380952380955,530.09,2018-01-08,R1310,RESPONSIVE DESIGNS,5813923.0,DLM,DLM
DD0839093,8003946.0,10,11.703,117.03,2018-01-08,N0068,D & G NOBLE LTD,5810227.0,JKS,PL
AA0539093,8003250.0,7,115.08428571428571,805.59,2018-01-08,S0496,DOUGLAS SCOTT,5813536.0,PL,LMM
DD0539121,8001491.0,5,1793.732,8968.66,2018-01-08,P9627,PACKEXE LTD,5812917.0,PL,KLL
HH0139107,8002555.0,18,3880.876111111111,69855.77,2018-01-08,T9699,TAYLOR MAXWELL & CO LTD,5812108.0,LMM,DLM
HH1639093,8003296.0,9,144.04666666666668,1296.42,2018-01-08,H1011,ROSS HILLMAN LTD,5812029.0,PL,LMM
BB1039114,8002698.0,1,6325.68,6325.68,2018-01-08,J0475,T W JONES,5810988.0,PL,KLL
AA0139093,8003708.0,16,360.6425,5770.28,2018-01-09,J0475,T W JONES,5810079.0,KLL,KLL
AA0639121,8002585.0,5,49.576,247.88,2018-01-09,W1599,WORTHINGTON & GRAHAM LTD,5814032.0,KLL,PL
BB0639093,8002405.0,21,220.07476190476189,4621.57,2018-01-09,B4406,BRIGGS EQUIPMENT UK LTD,5813736.0,LMM,DLM
GG1339100,8000263.0,10,2215.737,22157.37,2018-01-09,P4251,PHS GROUP LTD,5813558.0,LMM,KLL
FF0739114,8000652.0,24,709.4083333333333,17025.8,2018-01-09,E0120,ELLIOTT GROUP LTD,5813492.0,PL,PL
FF0539093,8001779.0,6,93.89,563.34,2018-01-09,L5967,SPEEDY LGH LTD,5812580.0,PL,LMM
GG0839121,8001454.0,12,4507.6425,54091.71,2018-01-09,S0825,SALEPOINT LTD,5812346.0,QE,PL
GG1239107,8003104.0,11,3049.7827272727272,33547.61,2018-01-09,A0206,ACORN PACKAGING,5810470.0,DLM,DLM
GG0439100,8003049.0,3,4994.596666666667,14983.79,2018-01-09,P1802,PRAMAC (UK) LTD,5811605.0,DLM,LMM
EE0339121,8000337.0,12,64.9025,778.83,2018-01-09,J0126,ALAN R JONES & SONS LTD,5811059.0,LMM,LMM
HH0739093,8000892.0,15,165.04866666666666,2475.73,2018-01-10,S4217,SVR PLASTICS LTD,5814618.0,JKS,KLL
DD0539093,8002439.0,24,160.67375,3856.17,2018-01-10,P9627,PACKEXE LTD,5814472.0,DLM,KLL
HH1339114,8001505.0,24,7.906666666666666,189.76,2018-01-10,N0391,NIFTYLIFT LTD.,5814306.0,PL,JKS
EE0339107,8002389.0,23,78.25260869565217,1799.81,2018-01-10,J0126,ALAN R JONES & SONS LTD,5813240.0,KLL,QE
EE0139114,8001058.0,19,110.88315789473685,2106.78,2018-01-10,B0007,BLUE DIAMOND TECHNOLOGIES LTD,5813090.0,JKS,QE
CC0739100,8001311.0,19,97.95052631578947,1861.06,2018-01-10,M2288,M J MAILLIS (UK) LTD,5812700.0,DLM,DLM
AA1139100,8002620.0,5,135.22,676.1,2018-01-10,S0400,SIMMONS OF STAFFORD,5812586.0,QE,JKS
AA0639093,8003611.0,21,2.459047619047619,51.64,2018-01-10,W1599,WORTHINGTON & GRAHAM LTD,5811723.0,DLM,PL
AA1039093,8003763.0,17,263.2747058823529,4475.67,2018-01-10,M2497,M P BODY LTD,5811417.0,QE,KLL
HH1939093,8002474.0,5,2136.0860000000002,10680.43,2018-01-10,S2423,M C SALTER & SON LTD,5811347.0,KLL,JKS
HH1739107,8000974.0,22,461.34772727272724,10149.65,2018-01-10,R0477,G REEKIE GROUP LTD,5810764.0,PL,PL
AA0139107,8001426.0,22,1157.4563636363637,25464.04,2018-01-11,J0475,T W JONES,0.0,LMM,JKS
GG0539093,8003621.0,14,466.09285714285716,6525.3,2018-01-11,R1799,W ROBINSON & SONS (EC) LTD,5814445.0,KLL,PL
GG0139121,8001015.0,11,28.45,312.95,2018-01-11,S3339,THE SPECTRA GROUP LTD,5814093.0,KLL,DLM
CC1139100,8001756.0,24,944.0516666666667,22657.24,2018-01-11,S0496,DOUGLAS SCOTT,5813655.0,LMM,LMM
EE1039107,8003513.0,10,9234.619,92346.19,2018-01-11,B4406,BRIGGS EQUIPMENT UK LTD,5813484.0,LMM,KLL
BB0139093,8002033.0,19,19.302105263157895,366.74,2018-01-11,A3452,ALLBUILD PRODUCTS,5810308.0,JKS,KLL
FF0439093,8003465.0,18,29.179444444444446,525.23,2018-01-11,L0918,LOCUSRITE LTD,5812947.0,DLM,LMM
GG0439121,8000144.0,14,192.63642857142855,2696.91,2018-01-11,P1802,PRAMAC (UK) LTD,5812781.0,DLM,KLL
HH0339100,8002310.0,25,1521.0724,38026.81,2018-01-11,Y0071,A C YULE GROUP,5812651.0,PL,QE
DD0939114,8002939.0,25,5684.0996,142102.49,2018-01-11,B4406,BRIGGS EQUIPMENT UK LTD,5812629.0,JKS,DLM
AA0339114,8002575.0,24,1259.7966666666666,30235.12,2018-01-11,S1497,STOWNHALL (HEIGHTINGTON),5812155.0,JKS,PL
AA0139100,8002265.0,8,755.19625,6041.57,2018-01-11,J0475,T W JONES,5811846.0,LMM,DLM
AA0439100,8003359.0,8,7572.92625,60583.41,2018-01-11,B4406,BRIGGS EQUIPMENT UK LTD,5810490.0,LMM,DLM
BB0339114,8001900.0,3,454.09,1362.27,2018-01-11,P3067,PROBILT,5811817.0,DLM,KLL
CC0639107,8000911.0,9,8.883333333333333,79.95,2018-01-11,A0521,R F AMIES(KIDDERMINSTER)LTD,5811594.0,DLM,DLM
FF0339114,8003224.0,13,445.63384615384615,5793.24,2018-01-11,J0114,NORMAN JAMIESON LTD,5811570.0,JKS,QE
CC0539114,8001218.0,9,145.50444444444443,1309.54,2018-01-11,B4406,BRIGGS EQUIPMENT UK LTD,5811061.0,QE,DLM
HH1939100,8003153.0,20,542.591,10851.82,2018-01-12,S2423,M C SALTER & SON LTD,5814929.0,DLM,QE
AA1039121,8001016.0,8,561.77,4494.16,2018-01-12,M2497,M P BODY LTD,5814822.0,JKS,QE
DD0739107,8003367.0,20,94.491,1889.82,2018-01-12,B0276,BONDS PLC,5814008.0,PL,LMM
HH0839100,8000808.0,14,9.86357142857143,138.09,2018-01-12,C1719,G CROOK & SONS,5813382.0,JKS,KLL
HH1339107,8003417.0,24,1057.1816666666666,25372.36,2018-01-12,N0391,NIFTYLIFT LTD.,5813339.0,DLM,JKS
DD0639100,8002214.0,11,6.427272727272728,70.7,2018-01-12,F1039,FIRSTSERVE TRADE LTD,5812129.0,KLL,JKS
CC0739114,8002147.0,25,34.2584,856.46,2018-01-12,M2288,M J MAILLIS (UK) LTD,5812115.0,DLM,KLL
FF0939107,8000134.0,1,39706.96,39706.96,2018-01-12,R1022,RMD KWIKFORM LIMITED,5811271.0,PL,PL
EE1039121,8002552.0,1,38071.47,38071.47,2018-01-13,B4406,BRIGGS EQUIPMENT UK LTD,5814509.0,JKS,DLM
BB0339121,8001855.0,25,201.3268,5033.17,2018-01-13,P3067,PROBILT,5813621.0,LMM,KLL
HH0739114,8001944.0,4,770.5075,3082.03,2018-01-13,S4217,SVR PLASTICS LTD,5813595.0,PL,PL
HH1539121,8003823.0,25,871.3076,21782.69,2018-01-13,B4406,BRIGGS EQUIPMENT UK LTD,5813374.0,KLL,JKS
BB0439121,8000079.0,6,1252.135,7512.81,2018-01-13,E9330,EAST LONDON PACKAGING SUPPLIES LTD,5810287.0,QE,JKS
AA0739107,8001331.0,25,3722.5292,93063.23,2018-01-13,B4406,BRIGGS EQUIPMENT UK LTD,5813185.0,JKS,PL
GG1039100,8000284.0,1,44107.5,44107.5,2018-01-13,S0825,SALEPOINT LTD,5813104.0,DLM,DLM
AA0139121,8000237.0,23,63.75652173913044,1466.4,2018-01-13,J0475,T W JONES,5812843.0,KLL,JKS
BB0739107,8003504.0,9,5299.451111111111,47695.06,2018-01-13,Y0071,A C YULE GROUP,5812524.0,PL,QE
DD0339100,8003559.0,11,189.18818181818185,2081.07,2018-01-13,A3263,ARTHOUSE LTD,5812015.0,QE,PL
CC1039100,8003682.0,25,4617.9672,115449.18,2018-01-13,J0460,J A JACKSON CONTRACTORS(PRESTON)LTD,5811607.0,DLM,LMM
HH0239100,8001604.0,23,2364.014347826087,54372.33,2018-01-13,B4406,BRIGGS EQUIPMENT UK LTD,5811124.0,PL,DLM
EE0639114,8000093.0,4,69.5025,278.01,2018-01-13,B0798,ERNEST BENNETT (SHEFFIELD) LTD.,5811099.0,DLM,PL
DD0339107,8000486.0,25,376.26,9406.5,2018-01-13,A3263,ARTHOUSE LTD,5810602.0,QE,KLL
CC0339100,8002588.0,4,284.545,1138.18,2018-01-13,E1353,EMMETI UK,5810992.0,QE,PL
GG1339107,8000905.0,6,9358.98,56153.88,2018-01-13,P4251,PHS GROUP LTD,5810915.0,JKS,LMM
CC0939093,8002401.0,25,69.6428,1741.07,2018-01-13,E1277,ELB PARTNERS LTD,5810832.0,QE,QE
HH1639114,8003671.0,14,94.55785714285715,1323.81,2018-01-14,H1011,ROSS HILLMAN LTD,5810093.0,JKS,QE
BB0639107,8002787.0,18,777.91,14002.38,2018-01-14,J0460,J A JACKSON CONTRACTORS(PRESTON)LTD,5814461.0,PL,PL
DD0739100,8001393.0,1,592.98,592.98,2018-01-14,B0276,BONDS PLC,5814429.0,DLM,QE
BB0739114,8002354.0,23,248.3895652173913,5712.96,2018-01-14,Y0071,A C YULE GROUP,5813795.0,KLL,PL
GG0239100,8001444.0,9,272.6588888888889,2453.93,2018-01-14,M0741,MACE INDUSTRIES LTD,5810222.0,LMM,DLM
GG0339121,8000789.0,24,2.17375,52.17,2018-01-14,F9483,FULWOOD SUPPLIES LTD,5813579.0,JKS,KLL
CC0339107,8001696.0,19,757.99,14401.81,2018-01-14,E1353,EMMETI UK,5813192.0,DLM,PL
HH0539100,8000812.0,25,317.472,7936.8,2018-01-14,B4406,BRIGGS EQUIPMENT UK LTD,5813001.0,PL,PL
GG0739121,8002284.0,12,320.84583333333336,3850.15,2018-01-14,S0496,DOUGLAS SCOTT,5812951.0,KLL,LMM
BB1039121,8001257.0,22,418.33090909090913,9203.28,2018-01-14,J0475,T W JONES,5812898.0,JKS,LMM
CC0839107,8003936.0,16,6457.29625,103316.74,2018-01-14,B4406,BRIGGS EQUIPMENT UK LTD,5812027.0,LMM,QE
AA0239121,8001488.0,15,4350.046,65250.69,2018-01-14,B4406,BRIGGS EQUIPMENT UK LTD,5811881.0,JKS,DLM
EE0239121,8001177.0,19,35.46842105263158,673.9,2018-01-14,S3729,SAFESTAND LTD,5811531.0,DLM,QE
CC1039114,8000241.0,12,14561.775,174741.3,2018-01-14,J0460,J A JACKSON CONTRACTORS(PRESTON)LTD,5811111.0,LMM,LMM
DD0339114,8000147.0,14,222.54571428571427,3115.64,2018-01-15,A3263,ARTHOUSE LTD,5814789.0,JKS,LMM
CC0339121,8002690.0,21,71.43238095238095,1500.08,2018-01-15,E1353,EMMETI UK,5814578.0,DLM,KLL
FF0839114,8002163.0,16,1.110625,17.77,2018-01-15,G1201,GRAFTERS,5814135.0,LMM,DLM
BB0639100,8000511.0,11,520.0163636363636,5720.18,2018-01-15,J0460,J A JACKSON CONTRACTORS(PRESTON)LTD,5813948.0,QE,KLL
FF1439128,8001416.0,5,6851.2660000000005,34256.33,2018-01-15,B4406,BRIGGS EQUIPMENT UK LTD,5813935.0,DLM,KLL
CC0539121,8003418.0,22,1584.5404545454546,34859.89,2018-01-15,B4406,BRIGGS EQUIPMENT UK LTD,5813635.0,KLL,JKS
HH1139128,8000120.0,6,4752.816666666667,28516.9,2018-01-15,S0825,SALEPOINT LTD,5812072.0,LMM,QE
DD0239107,8000706.0,3,3176.7766666666666,9530.33,2018-01-15,S1497,STOWNHALL (HEIGHTINGTON),5811620.0,DLM,JKS
BB0439114,8001324.0,17,144.25823529411764,2452.39,2018-01-15,M1473,MEDLAND SANDERS AND TWOSE LIMITED,5811595.0,QE,PL
BB0739121,8001468.0,23,757.7565217391304,17428.4,2018-01-15,Y0071,A C YULE GROUP,5810754.0,JKS,DLM
AA0639128,8001993.0,12,50.780833333333334,609.37,2018-01-15,W1599,WORTHINGTON & GRAHAM LTD,5810751.0,LMM,PL
AA0439114,8003634.0,17,1280.2076470588236,21763.53,2018-01-15,B4406,BRIGGS EQUIPMENT UK LTD,5810651.0,JKS,LMM
BB0539107,8003020.0,19,4947.48052631579,94002.13,2018-01-16,L0988,LYRECO UK LIMITED,5814557.0,PL,DLM
CC0839128,8002459.0,3,12408.69,37226.07,2018-01-16,B4406,BRIGGS EQUIPMENT UK LTD,5813741.0,KLL,DLM
FF0739100,8003634.0,4,1958.185,7832.74,2018-01-16,E0120,ELLIOTT GROUP LTD,5813640.0,JKS,LMM
HH1939107,8001975.0,21,3652.514285714286,76702.8,2018-01-16,S2423,M C SALTER & SON LTD,5813630.0,KLL,LMM
DD0139121,8001690.0,25,484.8596,12121.49,2018-01-16,S0825,SALEPOINT LTD,5813526.0,DLM,KLL
HH1139121,8003919.0,21,2619.1119047619045,55001.35,2018-01-16,S0825,SALEPOINT LTD,5813499.0,KLL,JKS
GG1239100,8002035.0,1,16509.36,16509.36,2018-01-16,A0206,ACORN PACKAGING,5813125.0,LMM,DLM
EE0439107,8002716.0,18,5927.287777777778,106691.18,2018-01-16,G1201,GRAFTERS,5812703.0,QE,DLM
FF0839107,8003531.0,14,1512.0135714285714,21168.19,2018-01-16,G1201,GRAFTERS,5810466.0,QE,KLL
BB1039107,8002704.0,3,29125.546666666665,87376.64,2018-01-16,J0475,T W JONES,5811742.0,KLL,QE
HH1339128,8000971.0,7,1980.547142857143,13863.83,2018-01-16,N0391,NIFTYLIFT LTD.,5811710.0,KLL,JKS
CC1139121,8002237.0,1,35884.69,35884.69,2018-01-16,S0496,DOUGLAS SCOTT,5811585.0,JKS,LMM
BB0339107,8000184.0,14,1842.3385714285716,25792.74,2018-01-16,P3067,PROBILT,5811027.0,KLL,KLL
GG1439128,8000832.0,7,104.42,730.94,2018-01-17,M1473,MEDLAND SANDERS AND TWOSE LIMITED,0.0,JKS,DLM
AA0739100,8001739.0,7,3690.345714285714,25832.42,2018-01-17,B4406,BRIGGS EQUIPMENT UK LTD,5814949.0,PL,LMM
BB1039100,8000357.0,19,1379.852105263158,26217.19,2018-01-17,J0475,T W JONES,5814370.0,PL,JKS
BB0139121,8001535.0,2,10.185,20.37,2018-01-17,A3452,ALLBUILD PRODUCTS,5810184.0,QE,PL
FF1339107,8003554.0,23,5115.135652173913,117648.12,2018-01-17,E9330,EAST LONDON PACKAGING SUPPLIES LTD,5813730.0,QE,PL
AA0639114,8001848.0,4,7.745,30.98,2018-01-17,W1599,WORTHINGTON & GRAHAM LTD,5813638.0,PL,QE
DD0839121,8003230.0,10,185.68800000000002,1856.88,2018-01-17,N0068,D & G NOBLE LTD,5813459.0,DLM,QE
FF0939121,8002649.0,14,1108.6564285714287,15521.19,2018-01-17,R1022,RMD KWIKFORM LIMITED,5813386.0,LMM,KLL
GG0739128,8001559.0,16,59.616875,953.87,2018-01-17,S0496,DOUGLAS SCOTT,5813143.0,QE,DLM
GG1439121,8000343.0,25,134.0968,3352.42,2018-01-17,M1473,MEDLAND SANDERS AND TWOSE LIMITED,5812985.0,DLM,JKS
FF0539107,8003356.0,10,671.672,6716.72,2018-01-17,L5967,SPEEDY LGH LTD,5810338.0,PL,KLL
CC0639100,8002145.0,1,45.68,45.68,2018-01-17,A0521,R F AMIES(KIDDERMINSTER)LTD,5812570.0,QE,JKS
EE0639128,8002765.0,21,46.33428571428571,973.02,2018-01-17,B0798,ERNEST BENNETT (SHEFFIELD) LTD.,5812492.0,PL,JKS
EE0339100,8003074.0,20,28.4695,569.39,2018-01-17,J0126,ALAN R JONES & SONS LTD,5812361.0,LMM,KLL
HH1139100,8001335.0,16,2116.943125,33871.09,2018-01-17,S0825,SALEPOINT LTD,5812218.0,QE,QE
EE0139100,8000407.0,25,708.6424000000001,17716.06,2018-01-17,B0007,BLUE DIAMOND TECHNOLOGIES LTD,5811841.0,JKS,QE
FF0339121,8001628.0,8,229.9625,1839.7,2018-01-17,J0114,NORMAN JAMIESON LTD,5811393.0,QE,DLM
AA0239114,8000539.0,4,23077.0875,92308.35,2018-01-17,B4406,BRIGGS EQUIPMENT UK LTD,5810773.0,KLL,PL
CC0139121,8003398.0,19,56.223684210526315,1068.25,2018-01-17,M2152,MCM (UK) LTD,5810687.0,PL,LMM
EE0339128,8001801.0,17,27.334117647058825,464.68,2018-01-18,J0126,ALAN R JONES & SONS LTD,0.0,PL,DLM
CC0539128,8000654.0,10,3773.214,37732.14,2018-01-18,B4406,BRIGGS EQUIPMENT UK LTD,5814727.0,PL,QE
FF1139121,8003626.0,8,46.49125,371.93,2018-01-18,V9138,VOLUMATIC LTD,5814486.0,LMM,LMM
HH0339128,8000046.0,24,784.65125,18831.63,2018-01-18,Y0071,A C YULE GROUP,5814323.0,DLM,DLM
FF1139128,8001477.0,14,11.926428571428572,166.97,2018-01-18,V9138,VOLUMATIC LTD,5814063.0,JKS,DLM
DD0539107,8001717.0,2,34246.08,68492.16,2018-01-18,P9627,PACKEXE LTD,5813946.0,QE,LMM
EE0639100,8001326.0,16,15.370625,245.93,2018-01-18,B0798,ERNEST BENNETT (SHEFFIELD) LTD.,5810183.0,PL,LMM
FF0339100,8001912.0,23,99.59130434782608,2290.6,2018-01-18,J0114,NORMAN JAMIESON LTD,5810185.0,JKS,LMM
AA0739121,8002225.0,17,1549.2135294117647,26336.63,2018-01-18,B4406,BRIGGS EQUIPMENT UK LTD,5812857.0,JKS,DLM
BB0939107,8000129.0,6,12993.196666666665,77959.18,2018-01-18,R1438,RED FUNNEL,5810358.0,JKS,DLM
FF0439128,8001220.0,4,1048.7,4194.8,2018-01-18,L0918,LOCUSRITE LTD,5812679.0,LMM,QE
DD0639128,8001267.0,15,12.425999999999998,186.39,2018-01-18,F1039,FIRSTSERVE TRADE LTD,5812599.0,JKS,QE
FF0539128,8000873.0,2,859.525,1719.05,2018-01-18,L5967,SPEEDY LGH LTD,5812515.0,QE,JKS
AA1039128,8000171.0,23,182.1304347826087,4189.0,2018-01-18,M2497,M P BODY LTD,5812365.0,JKS,QE
EE0139121,8002648.0,16,687.09625,10993.54,2018-01-18,B0007,BLUE DIAMOND TECHNOLOGIES LTD,5812123.0,LMM,LMM
HH0339121,8001378.0,7,6692.1957142857145,46845.37,2018-01-18,Y0071,A C YULE GROUP,5812037.0,LMM,KLL
GG0539107,8003571.0,21,1394.0238095238096,29274.5,2018-01-18,R1799,W ROBINSON & SONS (EC) LTD,5811597.0,JKS,LMM
GG1539100,8000664.0,6,1623.1216666666667,9738.73,2018-01-18,R1651,ROUDEN PIPETEK,5811527.0,LMM,DLM
HH0639121,8000683.0,23,46.17434782608696,1062.01,2018-01-19,R1438,RED FUNNEL,0.0,DLM,JKS
HH1239114,8001283.0,22,123.60136363636364,2719.23,2018-01-19,M1473,MEDLAND SANDERS AND TWOSE LIMITED,5814875.0,LMM,PL
AA0239128,8000963.0,17,4951.208235294117,84170.54,2018-01-19,B4406,BRIGGS EQUIPMENT UK LTD,5814850.0,LMM,PL
BB0639121,8001923.0,7,574.8571428571429,4024.0,2018-01-19,J0460,J A JACKSON CONTRACTORS(PRESTON)LTD,5814687.0,PL,PL
GG0739100,8003900.0,18,39.02166666666667,702.39,2018-01-19,S0496,DOUGLAS SCOTT,5814622.0,QE,QE
FF0739121,8000898.0,23,367.0739130434783,8442.7,2018-01-19,E0120,ELLIOTT GROUP LTD,5814386.0,LMM,DLM
EE0239114,8002283.0,6,269.28833333333336,1615.73,2018-01-19,S3729,SAFESTAND LTD,5814098.0,KLL,LMM
CC1139107,8002162.0,15,5691.8099999999995,85377.15,2018-01-19,S0496,DOUGLAS SCOTT,5813934.0,KLL,DLM
DD0839128,8000254.0,21,68.73190476190476,1443.37,2018-01-19,N0068,D & G NOBLE LTD,5813688.0,JKS,QE
HH1539128,8003293.0,5,7421.286,37106.43,2018-01-19,B4406,BRIGGS EQUIPMENT UK LTD,5813051.0,PL,LMM
HH1139107,8003091.0,14,5169.367142857142,72371.14,2018-01-19,S0825,SALEPOINT LTD,5812484.0,KLL,DLM
GG0739114,8002740.0,24,11.562083333333334,277.49,2018-01-19,S0496,DOUGLAS SCOTT,5812297.0,LMM,DLM
AA0239100,8001098.0,8,4782.67625,38261.41,2018-01-19,B4406,BRIGGS EQUIPMENT UK LTD,5811806.0,KLL,LMM
HH0439128,8001013.0,6,159.01666666666668,954.1,2018-01-19,V9077,VIBROPLANT PLC,5811561.0,PL,JKS
AA0139114,8003606.0,2,475.845,951.69,2018-01-19,R1438,RED FUNNEL,5811129.0,QE,QE
GG0339114,8001794.0,24,2.1149999999999998,50.76,2018-01-19,F9483,FULWOOD SUPPLIES LTD,5810745.0,QE,JKS
BB0539100,8001722.0,8,1204.7575,9638.06,2018-01-19,L0988,LYRECO UK LIMITED,5810730.0,JKS,JKS
HH1639107,8001468.0,11,520.3954545454545,5724.35,2018-01-20,H1011,ROSS HILLMAN LTD,0.0,KLL,KLL
GG1139114,8002747.0,13,59.95230769230769,779.38,2018-01-20,F9584,FILPLASTICS(UK)LTD,5814725.0,QE,PL
AA1139114,8003993.0,11,188.9509090909091,2078.46,2018-01-20,S0400,SIMMONS OF STAFFORD,5814661.0,QE,KLL
HH0539114,8000523.0,11,2345.120909090909,25796.33,2018-01-20,B4406,BRIGGS EQUIPMENT UK LTD,5814318.0,JKS,LMM
FF1239107,8003927.0,23,246.78826086956522,5676.13,2018-01-20,S2894,SETON LIMITED,5810289.0,KLL,DLM
HH1739114,8002899.0,23,134.28217391304347,3088.49,2018-01-20,R0477,G REEKIE GROUP LTD,5813262.0,DLM,QE
CC0739128,8002794.0,17,78.15705882352941,1328.67,2018-01-20,M2288,M J MAILLIS (UK) LTD,5812952.0,DLM,LMM
HH0839128,8001483.0,23,0.9565217391304348,22.0,2018-01-20,C1719,G CROOK & SONS,5812752.0,LMM,DLM
GG1039114,8000616.0,4,6267.7725,25071.09,2018-01-20,S0825,SALEPOINT LTD,5811243.0,KLL,LMM
HH0139100,8002821.0,17,144.60235294117646,2458.24,2018-01-20,T9699,TAYLOR MAXWELL & CO LTD,5811150.0,DLM,JKS
FF1339128,8004000.0,1,43663.02,43663.02,2018-01-20,E9330,EAST LONDON PACKAGING SUPPLIES LTD,5810966.0,QE,PL
AA0939114,8003744.0,3,3156.52,9469.56,2018-01-20,P1277,PROGRESSIVE PRODUCTS LTD,5810621.0,QE,LMM
HH1639121,8001696.0,17,124.59411764705882,2118.1,2018-01-20,H1011,ROSS HILLMAN LTD,5810708.0,QE,LMM
AA0539121,8000615.0,3,2742.8733333333334,8228.62,2018-01-21,H0218,TONY HAMER & SONS LTD,5813691.0,PL,KLL
FF0239128,8001803.0,4,18744.315,74977.26,2018-01-21,B4406,BRIGGS EQUIPMENT UK LTD,5813622.0,KLL,DLM
DD0439114,8001265.0,14,1077.74,15088.36,2018-01-21,R1055,RAVENSTOCK MSG LIMITED,5813560.0,JKS,KLL
FF0639107,8003624.0,4,22077.64,88310.56,2018-01-21,D1501,DAVLYN PROPERTIES (WIGAN) LTD,5813441.0,KLL,PL
AA0739128,8002327.0,6,681.2116666666667,4087.27,2018-01-21,B4406,BRIGGS EQUIPMENT UK LTD,5813095.0,DLM,PL
BB0739128,8001711.0,24,499.03041666666667,11976.73,2018-01-21,Y0071,A C YULE GROUP,5813004.0,JKS,DLM
GG1539121,8002191.0,19,234.85421052631577,4462.23,2018-01-21,R1651,ROUDEN PIPETEK,5812411.0,LMM,JKS
GG0639121,8003772.0,9,2587.7744444444447,23289.97,2018-01-21,H2214,HILCREST DESIGN LTD,5811780.0,KLL,JKS
GG0239114,8002402.0,8,902.04625,7216.37,2018-01-21,M0741,MACE INDUSTRIES LTD,5811050.0,QE,DLM
AA0939107,8002085.0,2,25827.25,51654.5,2018-01-21,P1277,PROGRESSIVE PRODUCTS LTD,5810834.0,QE,LMM
HH0139114,8002523.0,6,3112.865,18677.19,2018-01-21,T9699,TAYLOR MAXWELL & CO LTD,5810775.0,PL,PL
FF1039121,8000183.0,14,22.902142857142856,320.63,2018-01-21,P0969,PLASTECH LTD,5810646.0,DLM,LMM
HH0639128,8002303.0,11,260.20909090909095,2862.3,2018-01-22,R1438,RED FUNNEL,5814841.0,KLL,PL
EE0139107,8000737.0,22,1908.7209090909091,41991.86,2018-01-22,B0007,BLUE DIAMOND TECHNOLOGIES LTD,5814515.0,PL,JKS
GG0839128,8003749.0,10,3180.443,31804.43,2018-01-22,S0825,SALEPOINT LTD,5814367.0,DLM,JKS
FF0239114,8002243.0,17,2747.792941176471,46712.48,2018-01-22,B4406,BRIGGS EQUIPMENT UK LTD,5814296.0,KLL,LMM
DD0139107,8003104.0,13,5652.449230769231,73481.84,2018-01-22,S0825,SALEPOINT LTD,5814018.0,DLM,KLL
HH0739121,8002430.0,2,1298.495,2596.99,2018-01-22,S4217,SVR PLASTICS LTD,5813631.0,DLM,PL
EE0739114,8001591.0,6,521.6183333333333,3129.71,2018-01-22,R1310,RESPONSIVE DESIGNS,5813418.0,KLL,PL
CC1139135,8000710.0,2,42506.8,85013.6,2018-01-22,S0496,DOUGLAS SCOTT,5813251.0,PL,PL
FF1539107,8000344.0,6,24981.581666666665,149889.49,2018-01-22,M0741,MACE INDUSTRIES LTD,5813236.0,QE,KLL
GG0839114,8003637.0,22,1130.5636363636365,24872.4,2018-01-22,S0825,SALEPOINT LTD,5813147.0,QE,JKS
GG0239128,8001263.0,23,242.4008695652174,5575.22,2018-01-22,M0741,MACE INDUSTRIES LTD,5812061.0,JKS,JKS
GG0539121,8001761.0,6,2366.195,14197.17,2018-01-22,R1799,W ROBINSON & SONS (EC) LTD,5811528.0,DLM,JKS
HH0939107,8000806.0,13,796.4384615384616,10353.7,2018-01-22,S1506,SUNSHINE SUSSEX LTD,5811268.0,LMM,KLL
HH1839107,8000397.0,4,4033.8075,16135.23,2018-01-22,J0500,JIS (EUROPE) LIMITED,5810739.0,JKS,JKS
HH0339107,8001110.0,6,18090.691666666666,108544.15,2018-01-23,Y0071,A C YULE GROUP,5815038.0,KLL,DLM
FF0139121,8003674.0,6,897.34,5384.04,2018-01-23,T0337,TOUPRET (UK),5814733.0,LMM,KLL
GG1539107,8003463.0,12,1967.25,23607.0,2018-01-23,R1651,ROUDEN PIPETEK,5814609.0,DLM,JKS
BB0439107,8000683.0,13,2166.023846153846,28158.31,2018-01-23,E9330,EAST LONDON PACKAGING SUPPLIES LTD,5814484.0,LMM,JKS
HH1939128,8000677.0,13,584.8676923076923,7603.28,2018-01-23,S2423,M C SALTER & SON LTD,5814394.0,JKS,DLM
CC0739135,8000190.0,12,817.8783333333334,9814.54,2018-01-23,M2288,M J MAILLIS (UK) LTD,5814272.0,KLL,LMM
FF1439135,8000165.0,18,23796.039999999997,428328.72,2018-01-23,B4406,BRIGGS EQUIPMENT UK LTD,5810212.0,DLM,PL
FF0939114,8001088.0,14,540.9214285714286,7572.9,2018-01-23,R1022,RMD KWIKFORM LIMITED,5810239.0,KLL,KLL
HH1139114,8001093.0,4,12669.2025,50676.81,2018-01-23,S0825,SALEPOINT LTD,5813474.0,JKS,LMM
GG1139107,8003774.0,7,1142.1085714285714,7994.76,2018-01-23,F9584,FILPLASTICS(UK)LTD,5812949.0,DLM,KLL
DD0239135,8003003.0,25,458.7168,11467.92,2018-01-23,S1497,STOWNHALL (HEIGHTINGTON),5812823.0,KLL,QE
HH1439135,8000422.0,14,7701.104285714287,107815.46,2018-01-23,P1277,PROGRESSIVE PRODUCTS LTD,5812619.0,JKS,KLL
EE0139128,8003642.0,25,509.4564,12736.41,2018-01-23,B0007,BLUE DIAMOND TECHNOLOGIES LTD,5812107.0,LMM,KLL
HH1239107,8000880.0,13,5900.112307692309,76701.46,2018-01-23,M1473,MEDLAND SANDERS AND TWOSE LIMITED,5810813.0,KLL,JKS
AA1239107,8000509.0,9,4360.009999999999,39240.09,2018-01-24,M1159,MATCH BOARD INTERNATIONAL LTD,5815065.0,KLL,DLM
CC0839135,8002638.0,21,7059.820952380952,148256.24,2018-01-24,B4406,BRIGGS EQUIPMENT UK LTD,5814774.0,DLM,KLL
HH0939135,8001169.0,24,587.35,14096.4,2018-01-24,S1506,SUNSHINE SUSSEX LTD,5814442.0,JKS,PL
HH1039135,8001681.0,2,157833.005,315666.01,2018-01-24,B4406,BRIGGS EQUIPMENT UK LTD,5814426.0,LMM,DLM
HH0539128,8002488.0,24,791.245,18989.88,2018-01-24,B4406,BRIGGS EQUIPMENT UK LTD,5813872.0,DLM,JKS
HH0439135,8002143.0,12,1830.7283333333335,21968.74,2018-01-24,V9077,VIBROPLANT PLC,5813783.0,PL,JKS
HH0839107,8000164.0,15,25.295333333333335,379.43,2018-01-24,C1719,G CROOK & SONS,5813583.0,PL,DLM
BB0539121,8000382.0,19,103.79842105263158,1972.17,2018-01-24,B4406,BRIGGS EQUIPMENT UK LTD,5813152.0,DLM,PL
DD0639121,8003965.0,8,11.2475,89.98,2018-01-24,F1039,FIRSTSERVE TRADE LTD,5812921.0,DLM,DLM
GG0539114,8001754.0,17,471.52,8015.84,2018-01-24,R1799,W ROBINSON & SONS (EC) LTD,5812649.0,QE,JKS
GG0839107,8000516.0,25,5088.2484,127206.21,2018-01-24,S0825,SALEPOINT LTD,5810836.0,DLM,PL
EE0939128,8000310.0,10,208.00900000000001,2080.09,2018-01-24,C3697,CHEMAIDE LTD,5810740.0,LMM,JKS
CC0339114,8000343.0,23,276.38130434782613,6356.77,2018-01-25,E1353,EMMETI UK,0.0,PL,JKS
AA0839107,8000093.0,8,7776.74375,62213.95,2018-01-25,S1748,SOUNDSORBA LTD,5815035.0,KLL,QE
HH0239128,8003926.0,21,3319.969047619048,69719.35,2018-01-25,B4406,BRIGGS EQUIPMENT UK LTD,5810063.0,JKS,QE
GG1139135,8003145.0,1,6819.88,6819.88,2018-01-25,F9584,FILPLASTICS(UK)LTD,5814549.0,DLM,PL
EE0439135,8002394.0,14,8656.166428571429,121186.33,2018-01-25,G1201,GRAFTERS,5814513.0,PL,LMM
HH0539121,8002793.0,19,431.63789473684216,8201.12,2018-01-25,B4406,BRIGGS EQUIPMENT UK LTD,5814105.0,QE,JKS
DD0839114,8000864.0,17,16.521764705882354,280.87,2018-01-25,N0068,D & G NOBLE LTD,5814104.0,DLM,LMM
EE0339114,8003049.0,24,38.45041666666666,922.81,2018-01-25,J0126,ALAN R JONES & SONS LTD,5814094.0,LMM,QE
BB0139128,8003855.0,22,9.261363636363637,203.75,2018-01-25,A3452,ALLBUILD PRODUCTS,5813663.0,LMM,PL
GG1539114,8002118.0,1,4413.37,4413.37,2018-01-25,R1651,ROUDEN PIPETEK,5813324.0,JKS,JKS
DD0939128,8003432.0,23,5240.778260869565,120537.9,2018-01-25,B4406,BRIGGS EQUIPMENT UK LTD,5812825.0,QE,LMM
DD0239121,8003934.0,18,196.9177777777778,3544.52,2018-01-25,S1497,STOWNHALL (HEIGHTINGTON),5812675.0,PL,LMM
DD0939121,8000946.0,8,19930.135,159441.08,2018-01-25,B4406,BRIGGS EQUIPMENT UK LTD,5812525.0,JKS,KLL
GG0939121,8003634.0,19,183.88631578947368,3493.84,2018-01-25,P0532,JOSEPH PARR (ALCO) LTD.,5812474.0,KLL,DLM
AA1139107,8002209.0,7,730.85,5115.95,2018-01-25,S0400,SIMMONS OF STAFFORD,5812428.0,PL,JKS
CC0939121,8000738.0,22,41.45409090909091,911.99,2018-01-25,E1277,ELB PARTNERS LTD,5811837.0,QE,DLM
EE0639107,8000960.0,9,236.42333333333332,2127.81,2018-01-25,B0798,ERNEST BENNETT (SHEFFIELD) LTD.,5811645.0,LMM,DLM
FF0439121,8000929.0,1,4215.81,4215.81,2018-01-25,L0918,LOCUSRITE LTD,5811132.0,PL,PL
EE1039114,8000911.0,6,6814.755,40888.53,2018-01-25,B4406,BRIGGS EQUIPMENT UK LTD,5811031.0,LMM,KLL
AA0739135,8000317.0,7,20231.004285714287,141617.03,2018-01-25,B4406,BRIGGS EQUIPMENT UK LTD,5810947.0,JKS,DLM
FF0939135,8001315.0,15,3222.2166666666667,48333.25,2018-01-26,R1022,RMD KWIKFORM LIMITED,5814220.0,QE,QE
AA1239128,8003845.0,5,1530.444,7652.22,2018-01-26,M1159,MATCH BOARD INTERNATIONAL LTD,5813970.0,DLM,LMM
FF1139114,8001714.0,3,359.26666666666665,1077.8,2018-01-26,V9138,VOLUMATIC LTD,5813682.0,DLM,LMM
HH1239135,8002495.0,15,6861.104,102916.56,2018-01-26,M1473,MEDLAND SANDERS AND TWOSE LIMITED,5813553.0,QE,QE
HH1339135,8002091.0,24,2159.01375,51816.33,2018-01-26,N0391,NIFTYLIFT LTD.,5812528.0,QE,JKS
CC0139135,8002152.0,22,4197.099999999999,92336.2,2018-01-26,M2152,MCM (UK) LTD,5812381.0,KLL,PL
GG0639107,8002694.0,7,5192.878571428571,36350.15,2018-01-26,H2214,HILCREST DESIGN LTD,5810462.0,DLM,JKS
CC1039121,8001283.0,23,10891.909565217391,250513.92,2018-01-26,J0460,J A JACKSON CONTRACTORS(PRESTON)LTD,5811427.0,JKS,LMM
GG1339128,8001925.0,6,2639.755,15838.53,2018-01-26,P4251,PHS GROUP LTD,5811229.0,QE,DLM
GG0439114,8001607.0,16,1140.83125,18253.3,2018-01-26,P1802,PRAMAC (UK) LTD,5811075.0,QE,PL
EE0739121,8000004.0,12,95.61,1147.32,2018-01-26,R1310,RESPONSIVE DESIGNS,5810875.0,LMM,LMM
EE0939114,8001089.0,11,118.2990909090909,1301.29,2018-01-26,C3697,CHEMAIDE LTD,5810624.0,QE,LMM
HH1539135,8000141.0,2,60114.48,120228.96,2018-01-27,B4406,BRIGGS EQUIPMENT UK LTD,5815086.0,DLM,LMM
HH1039114,8002872.0,6,3561.831666666667,21370.99,2018-01-27,B4406,BRIGGS EQUIPMENT UK LTD,5814669.0,JKS,JKS
GG1239114,8002433.0,11,984.8854545454545,10833.74,2018-01-27,A0206,ACORN PACKAGING,5814517.0,QE,LMM
GG1139121,8001324.0,7,360.7,2524.9,2018-01-27,F9584,FILPLASTICS(UK)LTD,5813780.0,KLL,QE
AA1039114,8000044.0,20,84.15,1683.0,2018-01-27,M2497,M P BODY LTD,5813478.0,DLM,PL
EE0239128,8001034.0,13,30.60307692307692,397.84,2018-01-27,S3729,SAFESTAND LTD,5813340.0,DLM,KLL
BB0139107,8002858.0,25,70.08840000000001,1752.21,2018-01-27,A3452,ALLBUILD PRODUCTS,5810298.0,PL,PL
AA0739114,8003424.0,10,5324.182,53241.82,2018-01-27,B4406,BRIGGS EQUIPMENT UK LTD,5813180.0,KLL,JKS
GG1139128,8000758.0,16,175.053125,2800.85,2018-01-27,F9584,FILPLASTICS(UK)LTD,5812755.0,LMM,PL
FF1039114,8002081.0,11,266.38545454545454,2930.24,2018-01-27,P0969,PLASTECH LTD,5810398.0,QE,QE
AA0939128,8000911.0,20,680.165,13603.3,2018-01-27,P1277,PROGRESSIVE PRODUCTS LTD,5812320.0,JKS,QE
EE0939121,8003297.0,22,3.5850000000000004,78.87,2018-01-27,C3697,CHEMAIDE LTD,5812269.0,LMM,QE
EE0439114,8001135.0,14,3361.0371428571425,47054.52,2018-01-27,G1201,GRAFTERS,5811684.0,QE,JKS
FF0439114,8003153.0,11,492.11999999999995,5413.32,2018-01-27,L0918,LOCUSRITE LTD,5811611.0,PL,JKS
GG0939107,8003163.0,19,914.1626315789474,17369.09,2018-01-27,P0532,JOSEPH PARR (ALCO) LTD.,5811277.0,DLM,PL
EE0839107,8002403.0,5,19063.658,95318.29,2018-01-27,B4406,BRIGGS EQUIPMENT UK LTD,5810978.0,QE,LMM
FF1539114,8002217.0,6,9177.361666666666,55064.17,2018-01-28,M0741,MACE INDUSTRIES LTD,5810075.0,LMM,JKS
EE0139135,8000667.0,8,8740.7225,69925.78,2018-01-28,B0007,BLUE DIAMOND TECHNOLOGIES LTD,5814436.0,QE,LMM
CC0439114,8000017.0,15,352.796,5291.94,2018-01-28,K9389,KEEL SUPPLY LTD,5814171.0,JKS,LMM
HH1839114,8000634.0,25,225.8816,5647.04,2018-01-28,J0500,JIS (EUROPE) LIMITED,5810261.0,DLM,QE
FF1439121,8002904.0,16,4544.3125,72709.0,2018-01-28,B4406,BRIGGS EQUIPMENT UK LTD,5813200.0,JKS,JKS
HH1739121,8003052.0,19,93.07263157894738,1768.38,2018-01-28,R0477,G REEKIE GROUP LTD,5810332.0,LMM,LMM
FF1239121,8000238.0,14,142.32214285714286,1992.51,2018-01-28,S2894,SETON LIMITED,5812739.0,KLL,JKS
AA0939121,8003734.0,9,612.0866666666666,5508.78,2018-01-28,P1277,PROGRESSIVE PRODUCTS LTD,5812697.0,JKS,LMM
HH0339142,8002552.0,2,20192.33,40384.66,2018-01-28,Y0071,A C YULE GROUP,5812390.0,JKS,JKS
GG1439135,8000298.0,23,352.0586956521739,8097.35,2018-01-28,M1473,MEDLAND SANDERS AND TWOSE LIMITED,5812301.0,PL,JKS
BB0939135,8001326.0,17,4677.4623529411765,79516.86,2018-01-28,R1438,RED FUNNEL,5811678.0,DLM,QE
GG1539135,8003993.0,19,2315.846842105263,44001.09,2018-01-28,R1651,ROUDEN PIPETEK,5811206.0,PL,PL
CC0639114,8002605.0,12,0.9516666666666667,11.42,2018-01-28,A0521,R F AMIES(KIDDERMINSTER)LTD,5810590.0,KLL,DLM
EE0739135,8000042.0,8,2894.615,23156.92,2018-01-29,R1310,RESPONSIVE DESIGNS,5814363.0,JKS,QE
FF1339142,8000193.0,2,6427.48,12854.96,2018-01-29,E9330,EAST LONDON PACKAGING SUPPLIES LTD,5814248.0,PL,PL
FF1539135,8001624.0,11,15540.02,170940.22,2018-01-29,M0741,MACE INDUSTRIES LTD,5814087.0,DLM,QE
CC0139114,8000781.0,10,2804.221,28042.21,2018-01-29,M2152,MCM (UK) LTD,5810159.0,LMM,JKS
EE0539121,8000930.0,25,185.8664,4646.66,2018-01-29,G1095,GEM SUPPLIES LTD,5813134.0,PL,PL
HH1839142,8003989.0,16,220.815625,3533.05,2018-01-29,J0500,JIS (EUROPE) LIMITED,5812957.0,PL,DLM
EE0539114,8001228.0,24,195.1,4682.4,2018-01-29,G1095,GEM SUPPLIES LTD,5812495.0,LMM,JKS
FF1039128,8001894.0,21,566.1990476190476,11890.18,2018-01-29,P0969,PLASTECH LTD,5812342.0,DLM,JKS
HH0839142,8000332.0,16,0.2675,4.28,2018-01-29,C1719,G CROOK & SONS,5811994.0,LMM,DLM
EE0839135,8001997.0,8,19916.585,159332.68,2018-01-29,B4406,BRIGGS EQUIPMENT UK LTD,5811902.0,DLM,QE
HH1239121,8001359.0,7,4443.0314285714285,31101.22,2018-01-29,M1473,MEDLAND SANDERS AND TWOSE LIMITED,5810904.0,QE,LMM
CC0339128,8003264.0,17,155.6170588235294,2645.49,2018-01-29,E1353,EMMETI UK,5810666.0,KLL,KLL
CC0539142,8002745.0,11,4125.44,45379.84,2018-01-30,B4406,BRIGGS EQUIPMENT UK LTD,0.0,DLM,PL
HH0939128,8003253.0,18,146.3538888888889,2634.37,2018-01-30,S1506,SUNSHINE SUSSEX LTD,5814667.0,DLM,KLL
CC0139128,8003020.0,14,446.5957142857143,6252.34,2018-01-30,M2152,MCM (UK) LTD,5814550.0,LMM,JKS
GG0339135,8000039.0,22,3.365,74.03,2018-01-30,F9483,FULWOOD SUPPLIES LTD,5814322.0,QE,KLL
CC0239121,8000096.0,14,91.11285714285714,1275.58,2018-01-30,B9565,BUTLER REYNOLDS LTD,5813861.0,JKS,KLL
HH1839128,8001580.0,18,245.91833333333332,4426.53,2018-01-30,J0500,JIS (EUROPE) LIMITED,5813321.0,JKS,KLL
DD0839135,8003839.0,7,602.9828571428571,4220.88,2018-01-30,N0068,D & G NOBLE LTD,5813016.0,QE,QE
EE0839121,8002950.0,2,3067.545,6135.09,2018-01-30,B4406,BRIGGS EQUIPMENT UK LTD,5812965.0,JKS,QE
HH0639114,8002460.0,20,150.8135,3016.27,2018-01-30,R1438,RED FUNNEL,5811297.0,JKS,KLL
DD0639114,8003209.0,12,17.139166666666664,205.67,2018-01-30,F1039,FIRSTSERVE TRADE LTD,5810581.0,PL,QE
FF0839121,8000754.0,12,723.2241666666667,8678.69,2018-01-30,G1201,GRAFTERS,5810604.0,KLL,DLM
EE0239135,8003459.0,9,603.531111111111,5431.78,2018-01-30,S3729,SAFESTAND LTD,5810757.0,LMM,DLM
GG1239128,8002528.0,23,96.18434782608695,2212.24,2018-01-31,A0206,ACORN PACKAGING,0.0,JKS,LMM
AA0839121,8001085.0,10,2402.05,24020.5,2018-01-31,S1748,SOUNDSORBA LTD,5815103.0,LMM,DLM
FF0139135,8001307.0,13,859.3676923076923,11171.78,2018-01-31,T0337,TOUPRET (UK),5814782.0,QE,PL
HH1939114,8001067.0,11,1002.8172727272727,11030.99,2018-01-31,S2423,M C SALTER & SON LTD,5814601.0,QE,QE
DD0939142,8001085.0,6,9234.92,55409.52,2018-01-31,B4406,BRIGGS EQUIPMENT UK LTD,5814473.0,LMM,DLM
CC0639142,8001069.0,10,3.997,39.97,2018-01-31,A0521,R F AMIES(KIDDERMINSTER)LTD,5814259.0,LMM,PL
CC0339135,8001073.0,19,1161.5084210526315,22068.66,2018-01-31,E1353,EMMETI UK,5813869.0,LMM,LMM
FF0339128,8003301.0,24,259.27125,6222.51,2018-01-31,J0114,NORMAN JAMIESON LTD,5813546.0,QE,DLM
CC0839121,8000329.0,9,5431.302222222223,48881.72,2018-01-31,B4406,BRIGGS EQUIPMENT UK LTD,5810290.0,DLM,PL
BB0339128,8001565.0,20,621.461,12429.22,2018-01-31,P3067,PROBILT,5812364.0,DLM,LMM
AA1239121,8002126.0,3,1243.51,3730.53,2018-01-31,M1159,MATCH BOARD INTERNATIONAL LTD,5811788.0,DLM,KLL
CC0539135,8001938.0,14,14676.173571428571,205466.43,2018-01-31,B4406,BRIGGS EQUIPMENT UK LTD,5811308.0,JKS,LMM
FF1439114,8002764.0,15,321.99733333333336,4829.96,2018-01-31,B4406,BRIGGS EQUIPMENT UK LTD,5811015.0,QE,LMM
