SUPCO,SUPPLIER_NAME,INVNO,INVDT_DATE,PO_Number,GROSS,NET,VAT
A0206,ACORN PACKAGING,741044,2018-01-02,GG1239086,10538.01,8968.52,1569.49
A0521,R F AMIES(KIDDERMINSTER)LTD,220563,2018-01-02,CC0639086,30.46,25.92,4.54
B4406,BRIGGS EQUIPMENT UK LTD,SINV7299446,2018-01-02,HH0239086,951.61,809.88,141.73
B4406,BRIGGS EQUIPMENT UK LTD,SINV7300156,2018-01-02,HH1039086,70682.83,60155.6,10527.23
B9565,BUTLER REYNOLDS LTD,173486,2018-01-02,CC0239086,1223.69,1041.44,182.25
F9584,FILPLASTICS(UK)LTD,53488,2018-01-02,GG1139086,104.05,88.55,15.5
G1201,GRAFTERS,12555,2018-01-02,EE0439086,38526.84,32788.8,5738.04
H2214,HILCREST DESIGN LTD,SIN098205,2018-01-02,GG0639086,18359.02,15624.7,2734.32
J0475,T W JONES,32093,2018-01-02,AA0139086,6716.11,5715.84,1000.27
M0741,MACE INDUSTRIES LTD,15343,2018-01-02,GG0239086,6250.38,5319.47,930.91
M1473,MEDLAND SANDERS AND TWOSE LIMITED,C47409,2018-01-02,GG1439086,1958.21,1666.56,291.65
N0391,NIFTYLIFT LTD.,65675,2018-01-02,HH1339086,13763.36,11713.5,2049.86
P0532,JOSEPH PARR (ALCO) LTD.,10014455,2018-01-02,GG0939086,5120.63,4357.98,762.65
P0969,PLASTECH LTD,36248,2018-01-02,FF1039086,11168.75,9505.32,1663.43
P1277,PROGRESSIVE PRODUCTS LTD,20192,2018-01-02,HH1439086,3848.08,3274.96,573.12
P3067,PROBILT,T011889,2018-01-02,BB0339086,7817.99,6653.61,1164.38
R1799,W ROBINSON & SONS (EC) LTD,SIN076817,2018-01-02,GG0539086,6444.37,5484.57,959.8
S0400,SIMMONS OF STAFFORD,418254,2018-01-02,AA1139086,976.31,830.9,145.41
S0825,SALEPOINT LTD,2643,2018-01-02,DD0139086,5368.62,4569.04,799.58
S1497,STOWNHALL (HEIGHTINGTON),12202,2018-01-02,AA0339086,9352.53,7959.6,1392.93
S3729,SAFESTAND LTD,8813,2018-01-02,EE0239086,1461.47,1243.8,217.67
S4217,SVR PLASTICS LTD,18880,2018-01-02,HH0739086,1849.22,1573.8,275.42
W1599,WORTHINGTON & GRAHAM LTD,INV154861,2018-01-02,AA0639086,134.27,114.27,20.0
A3263,ARTHOUSE LTD,98700203,2018-01-03,DD0339086,232.33,197.73,34.6
B0007,BLUE DIAMOND TECHNOLOGIES LTD,355926,2018-01-03,EE0139086,16806.32,14303.25,2503.07
B0276,BONDS PLC,123675,2018-01-03,DD0739086,121.89,103.74,18.15
B0798,ERNEST BENNETT (SHEFFIELD) LTD.,104883,2018-01-03,EE0639086,139.0,118.3,20.7
B4406,BRIGGS EQUIPMENT UK LTD,RIN4061926,2018-01-03,EE0839086,33319.01,28356.6,4962.41
B4406,BRIGGS EQUIPMENT UK LTD,SINV7292578,2018-01-03,AA0239086,54138.13,46075.0,8063.13
B4406,BRIGGS EQUIPMENT UK LTD,SINV7296198,2018-01-03,FF0239086,36468.28,31036.83,5431.45
B4406,BRIGGS EQUIPMENT UK LTD,SINV7296503,2018-01-03,EE1039086,34750.63,29575.0,5175.63
B4406,BRIGGS EQUIPMENT UK LTD,SINV7293302,2018-01-03,AA0439086,26846.81,22848.35,3998.46
C1719,G CROOK & SONS,114758,2018-01-03,HH0839086,18.94,16.12,2.82
C3697,CHEMAIDE LTD,123015,2018-01-03,EE0939086,226.74,192.97,33.77
E0120,ELLIOTT GROUP LTD,10583644,2018-01-03,FF0739086,6528.09,5555.82,972.27
E1277,ELB PARTNERS LTD,6104999,2018-01-03,CC0939086,1483.13,1262.24,220.89
E9330,EAST LONDON PACKAGING SUPPLIES LTD,44148,2018-01-03,FF1339086,9557.84,8134.33,1423.51
F9483,FULWOOD SUPPLIES LTD,42348,2018-01-03,GG0339086,1.41,1.2,0.21
G1095,GEM SUPPLIES LTD,8892,2018-01-03,EE0539086,2090.99,1779.57,311.42
G1201,GRAFTERS,12560,2018-01-03,FF0839086,1536.76,1307.88,228.88
H0218,TONY HAMER & SONS LTD,20546,2018-01-03,AA0539086,5309.57,4518.78,790.79
J0114,NORMAN JAMIESON LTD,0027338,2018-01-03,FF0339086,1543.9,1313.96,229.94
J0460,J A JACKSON CONTRACTORS(PRESTON)LTD,67730,2018-01-03,BB0639086,4464.01,3799.16,664.85
J0500,JIS (EUROPE) LIMITED,31520,2018-01-03,HH1839086,4496.61,3826.9,669.71
K9389,KEEL SUPPLY LTD,LYA41092,2018-01-03,CC0439086,3599.78,3063.64,536.14
L0918,LOCUSRITE LTD,11622,2018-01-03,FF0439086,1057.45,899.96,157.49
L5967,SPEEDY LGH LTD,2005289,2018-01-03,FF0539086,2125.97,1809.34,316.63
M0741,MACE INDUSTRIES LTD,15342,2018-01-03,FF1539086,19480.42,16579.08,2901.34
P1277,PROGRESSIVE PRODUCTS LTD,20085,2018-01-03,AA0939086,2490.62,2119.68,370.94
P9627,PACKEXE LTD,0000100751,2018-01-03,DD0539086,19722.9,16785.45,2937.45
R0477,G REEKIE GROUP LTD,SIN003407,2018-01-03,HH1739086,156.28,133.0,23.28
R1022,RMD KWIKFORM LIMITED,INU123005,2018-01-03,FF0939086,8572.66,7295.88,1276.78
R1055,RAVENSTOCK MSG LIMITED,1325026014,2018-01-03,DD0439086,4040.47,3438.7,601.77
R1651,ROUDEN PIPETEK,40296,2018-01-03,GG1539086,7998.51,6807.24,1191.27
R1799,W ROBINSON & SONS (EC) LTD,SIN076713,2018-01-03,AA0839086,404.27,344.06,60.21
S0825,SALEPOINT LTD,2634,2018-01-03,GG0839086,32103.82,27322.4,4781.42
S1497,STOWNHALL (HEIGHTINGTON),12311,2018-01-03,DD0239086,3142.78,2674.71,468.07
S1506,SUNSHINE SUSSEX LTD,27068,2018-01-03,HH0939086,1631.86,1388.82,243.04
S2894,SETON LIMITED,9300173146,2018-01-03,FF1239086,2109.71,1795.5,314.21
Y0071,A C YULE GROUP,203026,2018-01-03,BB0739086,3269.59,2782.63,486.96
A3452,ALLBUILD PRODUCTS,TC10837,2018-01-04,BB0139086,254.68,216.75,37.93
B4406,BRIGGS EQUIPMENT UK LTD,SINV7293360,2018-01-04,CC0539086,8904.86,7578.6,1326.26
B4406,BRIGGS EQUIPMENT UK LTD,SINV7293438,2018-01-04,DD0939086,59080.68,50281.43,8799.25
B4406,BRIGGS EQUIPMENT UK LTD,SINV7294310,2018-01-04,CC0839086,45551.53,38767.26,6784.27
B4406,BRIGGS EQUIPMENT UK LTD,SINV7294311,2018-01-04,AA0739086,19942.89,16972.67,2970.22
B4406,BRIGGS EQUIPMENT UK LTD,SINV7298522,2018-01-04,HH0539086,2949.34,2510.08,439.26
B4406,BRIGGS EQUIPMENT UK LTD,SINV7299831,2018-01-04,HH1539086,5390.69,4587.82,802.87
D1501,DAVLYN PROPERTIES (WIGAN) LTD,8006,2018-01-04,FF0639086,2796.31,2379.84,416.47
E1353,EMMETI UK,85,2018-01-04,CC0339086,4927.27,4193.42,733.85
E9330,EAST LONDON PACKAGING SUPPLIES LTD,44126,2018-01-04,BB0439086,10272.27,8742.36,1529.91
F1039,FIRSTSERVE TRADE LTD,124969,2018-01-04,DD0639086,122.12,103.93,18.19
H1011,ROSS HILLMAN LTD,16479,2018-01-04,HH1639086,283.02,240.87,42.15
J0126,ALAN R JONES & SONS LTD,82847,2018-01-04,EE0339086,346.87,295.21,51.66
J0460,J A JACKSON CONTRACTORS(PRESTON)LTD,67731,2018-01-04,CC1039086,184112.23,156691.26,27420.97
J0475,T W JONES,32126,2018-01-04,BB1039086,32551.26,27703.2,4848.06
L0988,LYRECO UK LIMITED,0060273101200701,2018-01-04,BB0539086,5404.57,4599.63,804.94
M1159,MATCH BOARD INTERNATIONAL LTD,52686,2018-01-04,AA1239086,3782.67,3219.29,563.38
M1473,MEDLAND SANDERS AND TWOSE LIMITED,C47616,2018-01-04,HH1239086,33639.87,28629.68,5010.19
M2152,MCM (UK) LTD,1076,2018-01-04,CC0139086,12173.15,10360.13,1813.02
M2288,M J MAILLIS (UK) LTD,212885,2018-01-04,CC0739086,1800.88,1532.66,268.22
M2497,M P BODY LTD,TP2710,2018-01-04,AA1039086,2311.81,1967.5,344.31
N0068,D & G NOBLE LTD,15724,2018-01-04,DD0839086,1232.72,1049.12,183.6
P1277,PROGRESSIVE PRODUCTS LTD,20194,2018-01-04,FF1439086,9414.78,8012.58,1402.2
P1802,PRAMAC (UK) LTD,282,2018-01-04,GG0439086,15368.44,13079.52,2288.92
P4251,PHS GROUP LTD,5179332,2018-01-04,GG1339086,5394.38,4590.96,803.42
R1310,RESPONSIVE DESIGNS,INV0540832,2018-01-04,EE0739086,3892.16,3312.48,579.68
R1438,RED FUNNEL,67948991,2018-01-04,HH0639086,2202.98,1874.88,328.1
R1438,RED FUNNEL,68157241,2018-01-04,BB0939086,22013.3,18734.72,3278.58
S0496,DOUGLAS SCOTT,1177,2018-01-04,CC1139086,11834.79,10072.16,1762.63
S0496,DOUGLAS SCOTT,1189,2018-01-04,GG0739086,4084.28,3475.98,608.3
S0825,SALEPOINT LTD,2633,2018-01-04,GG1039086,19085.06,16242.6,2842.46
S0825,SALEPOINT LTD,2684,2018-01-04,HH1139086,43594.59,37101.78,6492.81
S2423,M C SALTER & SON LTD,1273,2018-01-04,HH1939086,3038.2,2585.7,452.5
S3339,THE SPECTRA GROUP LTD,93532,2018-01-04,GG0139086,666.72,567.42,99.3
T0337,TOUPRET (UK),IN2051953,2018-01-04,FF0139086,854.62,727.34,127.28
T9699,TAYLOR MAXWELL & CO LTD,4462828,2018-01-04,HH0139086,2612.45,2223.36,389.09
V9077,VIBROPLANT PLC,1650328,2018-01-04,HH0439086,21.62,18.4,3.22
V9138,VOLUMATIC LTD,OPI301379,2018-01-04,FF1139086,672.48,572.32,100.16
W1481,WALLACE CAMERON & CO LTD,07A01203,2018-01-04,BB0239086,198.01,168.52,29.49
Y0071,A C YULE GROUP,53404941,2018-01-04,HH0339086,14801.48,12597.0,2204.48
C4436,C & H TRANSPORT,552BK,2018-01-05,,31542.9,26845.0,4697.9
C4437,COUGAR TRANSPORT,00142,2018-01-05,,4131.9,4131.9,0.0
C4438,CREATIVE SOLUTIONS,32743,2018-01-05,,6945.0,5910.65,1034.35
D2312,DEVONIA,871,2018-01-05,,1645.0,1400.0,245.0
G1894,GTI LIGHT HAULAGE,WEEK67,2018-01-05,,3680.0,3680.0,0.0
J0931,JB TRANSPORT,00212,2018-01-05,,2584.0,2584.0,0.0
J0932,JAY'S TRANSPORT,00887,2018-01-05,,6670.84,5677.32,993.52
K1020,KT DELIVERIES,00172,2018-01-05,,3489.75,2970.0,519.75
L1730,L & P DELIVERIES,103A,2018-01-05,,3640.0,3640.0,0.0
M3293,LES MOFFAT,24TO325,2018-01-05,,6663.96,5671.48,992.48
M3296,MER TRANSPORT,21675123,2018-01-05,,1161.08,1161.08,0.0
N1325,N B LOGISTICS,795,2018-01-05,,5256.96,4474.0,782.96
P2827,P.S.N.,429279280,2018-01-05,,1900.0,1617.02,282.98
R2156,R & B TRANSPORT,54,2018-01-05,,5698.68,5698.68,0.0
R2158,RAN BARUCH,169,2018-01-05,,3555.0,3555.0,0.0
S4762,R STEPHENS,7042007,2018-01-05,,15998.52,13615.8,2382.72
T2463,T S TRANSPORT,WBH081,2018-01-05,,2784.24,2369.56,414.68
V0404,VK TRANSPORT,194E,2018-01-05,,8300.0,7063.84,1236.16
B0276,BONDS PLC,123674,2018-01-09,DD0739093,144.81,123.24,21.57
B0798,ERNEST BENNETT (SHEFFIELD) LTD.,105416,2018-01-09,EE0639093,695.01,591.5,103.51
B4406,BRIGGS EQUIPMENT UK LTD,ESAL06039146,2018-01-09,AA0739093,32805.46,27919.54,4885.92
B4406,BRIGGS EQUIPMENT UK LTD,RIN4062262,2018-01-09,BB0639093,4621.57,3933.25,688.32
B4406,BRIGGS EQUIPMENT UK LTD,SINV7300457,2018-01-09,CC0839093,51185.84,43562.42,7623.42
B4406,BRIGGS EQUIPMENT UK LTD,SINV7301120,2018-01-09,DD0939093,64231.4,54665.02,9566.38
B4406,BRIGGS EQUIPMENT UK LTD,SINV7301380,2018-01-09,EE0839093,11152.89,9491.82,1661.07
B4406,BRIGGS EQUIPMENT UK LTD,SINV7301514,2018-01-09,HH0239093,65922.25,56104.04,9818.21
B4406,BRIGGS EQUIPMENT UK LTD,SINV7301990,2018-01-09,FF1439093,20825.94,17724.2,3101.74
B4406,BRIGGS EQUIPMENT UK LTD,SINV7302306,2018-01-09,FF0239093,57044.82,48548.78,8496.04
C1719,G CROOK & SONS,115387,2018-01-09,HH0839093,74.54,63.44,11.1
D1501,DAVLYN PROPERTIES (WIGAN) LTD,7998,2018-01-09,FF0639093,8426.72,7171.68,1255.04
E0120,ELLIOTT GROUP LTD,10593716,2018-01-09,FF0739093,3357.23,2857.22,500.01
E1353,EMMETI UK,133,2018-01-09,CC0339093,4865.75,4141.06,724.69
G1201,GRAFTERS,12589,2018-01-09,EE0439093,20034.34,17050.5,2983.84
H2214,HILCREST DESIGN LTD,SIN098950,2018-01-09,GG0639093,10229.79,8706.2,1523.59
J0126,ALAN R JONES & SONS LTD,83017,2018-01-09,EE0339093,556.3,473.45,82.85
J0460,J A JACKSON CONTRACTORS(PRESTON)LTD,67858,2018-01-09,CC1039093,103885.42,88413.12,15472.3
L5967,SPEEDY LGH LTD,2005796,2018-01-09,FF0539093,563.34,479.44,83.9
M0741,MACE INDUSTRIES LTD,15402,2018-01-09,GG0239093,2477.3,2108.34,368.96
M2152,MCM (UK) LTD,1075,2018-01-09,CC0139093,6451.26,5490.43,960.83
P1277,PROGRESSIVE PRODUCTS LTD,20204,2018-01-09,AA0939093,8786.37,7477.76,1308.61
P1277,PROGRESSIVE PRODUCTS LTD,20288,2018-01-09,HH1439093,6644.39,5654.8,989.59
R1310,RESPONSIVE DESIGNS,INV0540827,2018-01-09,EE0739093,3354.81,2855.16,499.65
R1438,RED FUNNEL,64577571,2018-01-09,BB0939093,8289.3,7054.72,1234.58
R1651,ROUDEN PIPETEK,40333,2018-01-09,GG1539093,9838.77,8373.42,1465.35
S0496,DOUGLAS SCOTT,1199,2018-01-09,AA0539093,805.59,685.61,119.98
S0825,SALEPOINT LTD,2681,2018-01-09,DD0139093,9904.83,8429.64,1475.19
S0825,SALEPOINT LTD,2730,2018-01-09,GG1039093,24663.02,20989.8,3673.22
S1497,STOWNHALL (HEIGHTINGTON),12475,2018-01-09,AA0339093,10301.95,8767.62,1534.33
S3339,THE SPECTRA GROUP LTD,93769,2018-01-09,GG0139093,1074.91,914.82,160.09
Y0071,A C YULE GROUP,53404943,2018-01-09,HH0339093,35980.57,30621.76,5358.81
A3263,ARTHOUSE LTD,0098700204,2018-01-10,DD0339093,2180.35,1855.62,324.73
A3452,ALLBUILD PRODUCTS,006153,2018-01-10,BB0139093,366.74,312.12,54.62
B4406,BRIGGS EQUIPMENT UK LTD,SINV7301825,2018-01-10,HH0539093,15630.13,13302.24,2327.89
B4406,BRIGGS EQUIPMENT UK LTD,SINV7302187,2018-01-10,HH1039093,17459.47,14859.12,2600.35
B4406,BRIGGS EQUIPMENT UK LTD,SINV7302304,2018-01-10,HH1539093,33641.31,28630.9,5010.41
E9330,EAST LONDON PACKAGING SUPPLIES LTD,44200,2018-01-10,FF1339093,1896.32,1613.89,282.43
F9483,FULWOOD SUPPLIES LTD,42522,2018-01-10,GG0339093,26.09,22.2,3.89
G1201,GRAFTERS,12601,2018-01-10,FF0839093,657.34,559.44,97.9
H1011,ROSS HILLMAN LTD,16540,2018-01-10,HH1639093,1296.42,1103.34,193.08
J0475,T W JONES,32374,2018-01-10,BB1039093,13255.41,11281.2,1974.21
J0500,JIS (EUROPE) LIMITED,31586,2018-01-10,HH1839093,5571.12,4741.38,829.74
K9389,KEEL SUPPLY LTD,LYA41486,2018-01-10,CC0439093,2051.24,1745.74,305.5
M1159,MATCH BOARD INTERNATIONAL LTD,52696,2018-01-10,AA1239093,3075.95,2617.83,458.12
M1473,MEDLAND SANDERS AND TWOSE LIMITED,C47773,2018-01-10,HH1239093,12395.87,10549.68,1846.19
N0068,D & G NOBLE LTD,15710,2018-01-10,DD0839093,117.03,99.6,17.43
N0391,NIFTYLIFT LTD.,65849,2018-01-10,HH1339093,9543.94,8122.5,1421.44
P0532,JOSEPH PARR (ALCO) LTD.,10014454,2018-01-10,GG0939093,5791.36,4928.82,862.54
P1802,PRAMAC (UK) LTD,288,2018-01-10,GG0439093,6469.08,5505.6,963.48
P9627,PACKEXE LTD,0000101045,2018-01-10,DD0539093,3856.17,3281.85,574.32
R1438,RED FUNNEL,146988,2018-01-10,HH0639093,2092.44,1780.8,311.64
S0400,SIMMONS OF STAFFORD,419612,2018-01-10,AA1139093,1456.65,1239.7,216.95
S0825,SALEPOINT LTD,2719,2018-01-10,HH1139093,29233.18,24879.3,4353.88
S1506,SUNSHINE SUSSEX LTD,27069,2018-01-10,HH0939093,3776.12,3213.72,562.4
S1748,SOUNDSORBA LTD,5332,2018-01-10,AA0839093,9781.59,8324.76,1456.83
S2894,SETON LIMITED,9300173147,2018-01-10,FF1239093,663.05,564.3,98.75
S4217,SVR PLASTICS LTD,18939,2018-01-10,HH0739093,2475.73,2107.0,368.73
V9077,VIBROPLANT PLC,1667818,2018-01-10,HH0439093,2712.84,2308.8,404.04
W1481,WALLACE CAMERON & CO LTD,07A02107,2018-01-10,BB0239093,18.1,15.4,2.7
A0206,ACORN PACKAGING,740644,2018-01-11,GG1239093,7649.02,6509.8,1139.22
A0521,R F AMIES(KIDDERMINSTER)LTD,220564,2018-01-11,CC0639093,34.26,29.16,5.1
B0007,BLUE DIAMOND TECHNOLOGIES LTD,356451,2018-01-11,EE0139093,95.76,81.5,14.26
B4406,BRIGGS EQUIPMENT UK LTD,SINV7299826,2018-01-11,CC0539093,34309.88,29199.9,5109.98
B4406,BRIGGS EQUIPMENT UK LTD,SINV7301127,2018-01-11,AA0239093,39572.12,33678.4,5893.72
B4406,BRIGGS EQUIPMENT UK LTD,SINV7301987,2018-01-11,EE1039093,52403.53,44598.75,7804.78
B4406,BRIGGS EQUIPMENT UK LTD,SINV7301129,2018-01-11,AA0439093,58634.44,49901.65,8732.79
B9565,BUTLER REYNOLDS LTD,173620,2018-01-11,CC0239093,216.2,184.0,32.2
C3697,CHEMAIDE LTD,123051,2018-01-11,EE0939093,670.36,570.52,99.84
E1277,ELB PARTNERS LTD,6105113,2018-01-11,CC0939093,1741.07,1481.76,259.31
E9330,EAST LONDON PACKAGING SUPPLIES LTD,44197,2018-01-11,BB0439093,2683.75,2284.04,399.71
F1039,FIRSTSERVE TRADE LTD,125181,2018-01-11,DD0639093,32.14,27.35,4.79
F9584,FILPLASTICS(UK)LTD,53587,2018-01-11,GG1139093,1779.77,1514.7,265.07
G1095,GEM SUPPLIES LTD,8894,2018-01-11,EE0539093,988.9,841.62,147.28
J0114,NORMAN JAMIESON LTD,0027379,2018-01-11,FF0339093,3610.86,3073.07,537.79
J0475,T W JONES,32236,2018-01-11,AA0139093,5770.28,4910.88,859.4
L0918,LOCUSRITE LTD,11785,2018-01-11,FF0439093,525.23,447.0,78.23
L0988,LYRECO UK LIMITED,0060273099200702,2018-01-11,BB0539093,10135.5,8625.96,1509.54
M0741,MACE INDUSTRIES LTD,15344,2018-01-11,FF1539093,6851.19,5830.8,1020.39
M1473,MEDLAND SANDERS AND TWOSE LIMITED,C47617,2018-01-11,GG1439093,2768.11,2355.84,412.27
M2288,M J MAILLIS (UK) LTD,213021,2018-01-11,CC0739093,1120.34,953.48,166.86
M2497,M P BODY LTD,TP2702,2018-01-11,AA1039093,4475.67,3809.08,666.59
P0969,PLASTECH LTD,36294,2018-01-11,FF1039093,6760.03,5753.22,1006.81
P3067,PROBILT,T011995,2018-01-11,BB0339093,4948.78,4211.73,737.05
P4251,PHS GROUP LTD,51794065,2018-01-11,GG1339093,25639.86,21821.16,3818.7
R0477,G REEKIE GROUP LTD,SIN003984,2018-01-11,HH1739093,1957.55,1666.0,291.55
R1022,RMD KWIKFORM LIMITED,INU123009,2018-01-11,FF0939093,582.24,495.52,86.72
R1055,RAVENSTOCK MSG LIMITED,1325026020,2018-01-11,DD0439093,4801.38,4086.28,715.1
R1799,W ROBINSON & SONS (EC) LTD,SIN076804,2018-01-11,GG0539093,6525.3,5553.45,971.85
S0496,DOUGLAS SCOTT,1208,2018-01-11,GG0739093,2679.49,2280.42,399.07
S0496,DOUGLAS SCOTT,1203,2018-01-11,CC1139093,14362.82,12223.68,2139.14
S0825,SALEPOINT LTD,2683,2018-01-11,GG0839093,19938.22,16968.7,2969.52
S1497,STOWNHALL (HEIGHTINGTON),12436,2018-01-11,DD0239093,1767.62,1504.36,263.26
S2423,M C SALTER & SON LTD,1276,2018-01-11,HH1939093,10680.43,9089.73,1590.7
S3729,SAFESTAND LTD,8814,2018-01-11,EE0239093,1234.13,1050.32,183.81
T0337,TOUPRET (UK),IN2051989,2018-01-11,FF0139093,412.38,350.96,61.42
T9699,TAYLOR MAXWELL & CO LTD,3747590,2018-01-11,HH0139093,24854.54,21152.8,3701.74
V9138,VOLUMATIC LTD,0PI1301376,2018-01-11,FF1139093,24.18,20.58,3.6
W1599,WORTHINGTON & GRAHAM LTD,INV154998,2018-01-11,AA0639093,51.64,43.95,7.69
Y0071,A C YULE GROUP,53404942,2018-01-11,BB0739093,826.22,703.17,123.05
C4436,C & H TRANSPORT,593BK,2018-01-12,,28922.65,24615.0,4307.65
C4437,COUGAR TRANSPORT,82800146,2018-01-12,,3123.55,3123.55,0.0
C4438,CREATIVE SOLUTIONS,32755,2018-01-12,,5480.0,4663.8,816.2
D2312,DEVONIA,855,2018-01-12,,1438.2,1224.0,214.2
G1894,GTI LIGHT HAULAGE,WEEK19A,2018-01-12,,3635.48,3635.48,0.0
J0931,JB TRANSPORT,00210,2018-01-12,,2185.0,2185.0,0.0
J0932,JAY'S TRANSPORT,896,2018-01-12,,5842.92,4972.7,870.22
K1020,KT DELIVERIES,00007,2018-01-12,,2834.1,2412.0,422.1
L1730,L & P DELIVERIES,120A,2018-01-12,,3572.0,3572.0,0.0
M3293,LES MOFFAT,00024,2018-01-12,,6103.96,5194.88,909.08
M3296,MER TRANSPORT,2160401,2018-01-12,,633.27,633.27,0.0
N1325,N B LOGISTICS,808,2018-01-12,,5246.56,4465.16,781.4
P2827,P.S.N.,429279,2018-01-12,,1900.0,1617.02,282.98
R2156,R & B TRANSPORT,78,2018-01-12,,4707.96,4707.96,0.0
R2158,RAN BARUCH,155,2018-01-12,,3530.0,3530.0,0.0
S4762,R STEPHENS,314210407,2018-01-12,,12801.36,10894.8,1906.56
T2463,T S TRANSPORT,WW208,2018-01-12,,2619.0,2228.94,390.06
V0404,VK TRANSPORT,88E,2018-01-12,,7736.0,6583.84,1152.16
B0798,ERNEST BENNETT (SHEFFIELD) LTD.,105671,2018-01-16,EE0639100,245.93,209.3,36.63
B4406,BRIGGS EQUIPMENT UK LTD,SINV7303615,2018-01-16,CC0539100,22454.2,19109.96,3344.24
B4406,BRIGGS EQUIPMENT UK LTD,SINV7305111,2018-01-16,FF1439100,96578.33,82194.32,14384.01
B4406,BRIGGS EQUIPMENT UK LTD,SINV7306288,2018-01-16,EE0839100,19821.82,16869.63,2952.19
B4406,BRIGGS EQUIPMENT UK LTD,SINV7307652,2018-01-16,HH0539100,7936.8,6754.72,1182.08
C1719,G CROOK & SONS,115518,2018-01-16,HH0839100,138.09,117.52,20.57
D1501,DAVLYN PROPERTIES (WIGAN) LTD,8015,2018-01-16,FF0639100,4383.41,3730.56,652.85
F1039,FIRSTSERVE TRADE LTD,125195,2018-01-16,DD0639100,70.7,60.17,10.53
J0114,NORMAN JAMIESON LTD,0027474,2018-01-16,FF0339100,2290.6,1949.45,341.15
J0460,J A JACKSON CONTRACTORS(PRESTON)LTD,67994,2018-01-16,CC1039100,115449.18,98254.62,17194.56
K9389,KEEL SUPPLY LTD,LYA42128,2018-01-16,CC0439100,5309.9,4519.06,790.84
L0918,LOCUSRITE LTD,11983,2018-01-16,FF0439100,945.41,804.6,140.81
M1473,MEDLAND SANDERS AND TWOSE LIMITED,C47971,2018-01-16,HH1239100,15348.79,13062.8,2285.99
M2497,M P BODY LTD,TP2703,2018-01-16,AA1039100,4207.5,3580.85,626.65
R1022,RMD KWIKFORM LIMITED,INU123006,2018-01-16,FF0939100,12426.14,10575.44,1850.7
R1438,RED FUNNEL,69758071,2018-01-16,BB0939100,15254.23,12982.32,2271.91
R1799,W ROBINSON & SONS (EC) LTD,SIN076898,2018-01-16,GG0539100,1595.07,1357.51,237.56
S1497,STOWNHALL (HEIGHTINGTON),12474,2018-01-16,AA0339100,29210.12,24859.68,4350.44
S1497,STOWNHALL (HEIGHTINGTON),12492,2018-01-16,DD0239100,1010.51,860.01,150.5
S2894,SETON LIMITED,9300173793,2018-01-16,FF1239100,1597.35,1359.45,237.9
A0521,R F AMIES(KIDDERMINSTER)LTD,220754,2018-01-17,CC0639100,45.68,38.88,6.8
B0007,BLUE DIAMOND TECHNOLOGIES LTD,356672,2018-01-17,EE0139100,17716.06,15077.5,2638.56
B4406,BRIGGS EQUIPMENT UK LTD,SINV7303576,2018-01-17,AA0739100,25832.42,21985.04,3847.38
B4406,BRIGGS EQUIPMENT UK LTD,SINV7305036,2018-01-17,FF0239100,18454.48,15705.94,2748.54
B4406,BRIGGS EQUIPMENT UK LTD,SINV7305549,2018-01-17,DD0939100,51202.02,43576.19,7625.83
B4406,BRIGGS EQUIPMENT UK LTD,SINV7305575,2018-01-17,HH0239100,54372.33,46274.32,8098.01
B4406,BRIGGS EQUIPMENT UK LTD,SINV7307006,2018-01-17,HH1539100,17859.74,15199.78,2659.96
B4406,BRIGGS EQUIPMENT UK LTD,SINV7307012,2018-01-17,HH1039100,77129.26,65641.92,11487.34
B4406,BRIGGS EQUIPMENT UK LTD,SINV7301608,2018-01-17,AA0239100,38261.41,32562.9,5698.51
C3697,CHEMAIDE LTD,123315,2018-01-17,EE0939100,1133.7,964.85,168.85
E1277,ELB PARTNERS LTD,6105216,2018-01-17,CC0939100,1925.31,1638.56,286.75
E1353,EMMETI UK,220,2018-01-17,CC0339100,1138.18,968.66,169.52
E9330,EAST LONDON PACKAGING SUPPLIES LTD,44199,2018-01-17,BB0439100,950.67,809.08,141.59
F9483,FULWOOD SUPPLIES LTD,42589,2018-01-17,GG0339100,10.58,9.0,1.58
F9584,FILPLASTICS(UK)LTD,53591,2018-01-17,GG1139100,461.42,392.7,68.72
G1201,GRAFTERS,12613,2018-01-17,EE0439100,25097.65,21359.7,3737.95
J0475,T W JONES,32576,2018-01-17,BB1039100,26217.19,22312.5,3904.69
J0500,JIS (EUROPE) LIMITED,31778,2018-01-17,HH1839100,2995.79,2549.61,446.18
L5967,SPEEDY LGH LTD,2005797,2018-01-17,FF0539100,1591.96,1354.86,237.1
M1159,MATCH BOARD INTERNATIONAL LTD,52708,2018-01-17,AA1239100,6036.05,5137.06,898.99
N0068,D & G NOBLE LTD,15711,2018-01-17,DD0839100,670.97,571.04,99.93
N0391,NIFTYLIFT LTD.,65967,2018-01-17,HH1339100,7132.84,6070.5,1062.34
P1802,PRAMAC (UK) LTD,289,2018-01-17,GG0439100,14983.79,12752.16,2231.63
P9627,PACKEXE LTD,0000101214,2018-01-17,DD0539100,988.76,841.5,147.26
R1310,RESPONSIVE DESIGNS,INV0542982,2018-01-17,EE0739100,530.09,451.14,78.95
R1438,RED FUNNEL,64577591,2018-01-17,HH0639100,732.35,623.28,109.07
R1651,ROUDEN PIPETEK,41015,2018-01-17,GG1539100,9738.73,8288.28,1450.45
S0496,DOUGLAS SCOTT,1213,2018-01-17,CC1139100,22657.24,19282.76,3374.48
S0496,DOUGLAS SCOTT,1218,2018-01-17,GG0739100,702.39,597.78,104.61
S0825,SALEPOINT LTD,2723,2018-01-17,DD0139100,9451.21,8043.58,1407.63
S0825,SALEPOINT LTD,2743,2018-01-17,GG0839100,10749.25,9148.3,1600.95
S0825,SALEPOINT LTD,2792,2018-01-17,HH1139100,33871.09,28826.46,5044.63
S3339,THE SPECTRA GROUP LTD,93808,2018-01-17,GG0139100,20.41,17.37,3.04
T0337,TOUPRET (UK),IN2051996,2018-01-17,FF0139100,1008.78,858.54,150.24
V9077,VIBROPLANT PLC,1667819,2018-01-17,HH0439100,6016.0,5120.0,896.0
W1481,WALLACE CAMERON & CO LTD,07A02536,2018-01-17,BB0239100,300.38,255.64,44.74
W1599,WORTHINGTON & GRAHAM LTD,INV155099,2018-01-17,AA0639100,92.95,79.11,13.84
Y0071,A C YULE GROUP,203010,2018-01-17,BB0739100,11764.88,10012.66,1752.22
A0206,ACORN PACKAGING,740675,2018-01-18,GG1239100,16509.36,14050.52,2458.84
A3263,ARTHOUSE LTD,OPI057273,2018-01-18,DD0339100,2081.07,1771.12,309.95
A3452,ALLBUILD PRODUCTS,006183,2018-01-18,BB0139100,682.55,580.89,101.66
B0276,BONDS PLC,124283,2018-01-18,DD0739100,592.98,504.66,88.32
B4406,BRIGGS EQUIPMENT UK LTD,SINV7303361,2018-01-18,AA0439100,60583.41,51560.35,9023.06
B4406,BRIGGS EQUIPMENT UK LTD,SINV7304674,2018-01-18,CC0839100,6957.39,5921.18,1036.21
B4406,BRIGGS EQUIPMENT UK LTD,SINV7305550,2018-01-18,EE1039100,46687.16,39733.75,6953.41
B9565,BUTLER REYNOLDS LTD,173637,2018-01-18,CC0239100,8911.76,7584.48,1327.28
E0120,ELLIOTT GROUP LTD,10603565,2018-01-18,FF0739100,7832.74,6666.16,1166.58
E9330,EAST LONDON PACKAGING SUPPLIES LTD,44176,2018-01-18,FF1339100,23365.72,19885.72,3480.0
G1095,GEM SUPPLIES LTD,8893,2018-01-18,EE0539100,1590.59,1353.69,236.9
G1201,GRAFTERS,12651,2018-01-18,FF0839100,3286.71,2797.2,489.51
H0218,TONY HAMER & SONS LTD,20574,2018-01-18,AA0539100,3319.77,2825.34,494.43
H1011,ROSS HILLMAN LTD,16801,2018-01-18,HH1639100,1825.95,1554.0,271.95
H2214,HILCREST DESIGN LTD,SIN099020,2018-01-18,GG0639100,12199.79,10382.8,1816.99
J0126,ALAN R JONES & SONS LTD,83016,2018-01-18,EE0339100,569.39,484.59,84.8
J0460,J A JACKSON CONTRACTORS(PRESTON)LTD,67859,2018-01-18,BB0639100,5720.18,4868.24,851.94
J0475,T W JONES,32498,2018-01-18,AA0139100,6041.57,5141.76,899.81
L0988,LYRECO UK LIMITED,0060273099200703,2018-01-18,BB0539100,9638.06,8202.6,1435.46
M0741,MACE INDUSTRIES LTD,15403,2018-01-18,FF1539100,17794.91,15144.6,2650.31
M0741,MACE INDUSTRIES LTD,15404,2018-01-18,GG0239100,2453.93,2088.45,365.48
M1473,MEDLAND SANDERS AND TWOSE LIMITED,400041,2018-01-18,GG1439100,1129.69,961.44,168.25
M2152,MCM (UK) LTD,1082,2018-01-18,CC0139100,2386.99,2031.48,355.51
M2288,M J MAILLIS (UK) LTD,214384,2018-01-18,CC0739100,1861.06,1583.88,277.18
P0532,JOSEPH PARR (ALCO) LTD.,10014453,2018-01-18,GG0939100,1751.93,1491.0,260.93
P0969,PLASTECH LTD,36478,2018-01-18,FF1039100,15301.37,13022.44,2278.93
P1277,PROGRESSIVE PRODUCTS LTD,20296,2018-01-18,HH1439100,11626.11,9894.56,1731.55
P1277,PROGRESSIVE PRODUCTS LTD,20299,2018-01-18,AA0939100,6252.5,5321.28,931.22
P3067,PROBILT,T012003,2018-01-18,BB0339100,9662.48,8223.39,1439.09
P4251,PHS GROUP LTD,51802165,2018-01-18,GG1339100,22157.37,18857.34,3300.03
R0477,G REEKIE GROUP LTD,SIN004740,2018-01-18,HH1739100,74.03,63.0,11.03
R1055,RAVENSTOCK MSG LIMITED,1334887015,2018-01-18,DD0439100,15796.18,13443.56,2352.62
S0400,SIMMONS OF STAFFORD,419074,2018-01-18,AA1139100,676.1,575.4,100.7
S0825,SALEPOINT LTD,2795,2018-01-18,GG1039100,44107.5,37538.3,6569.2
S1506,SUNSHINE SUSSEX LTD,27065,2018-01-18,HH0939100,946.82,805.8,141.02
S1748,SOUNDSORBA LTD,5347,2018-01-18,AA0839100,12448.44,10594.42,1854.02
S2423,M C SALTER & SON LTD,1290,2018-01-18,HH1939100,10851.82,9235.59,1616.23
S3729,SAFESTAND LTD,8815,2018-01-18,EE0239100,795.69,677.18,118.51
S4217,SVR PLASTICS LTD,18943,2018-01-18,HH0739100,1111.55,946.0,165.55
T9699,TAYLOR MAXWELL & CO LTD,4462915,2018-01-18,HH0139100,2458.24,2092.12,366.12
V9138,VOLUMATIC LTD,OPI301797,2018-01-18,FF1139100,1027.14,874.16,152.98
Y0071,A C YULE GROUP,53405075,2018-01-18,HH0339100,38026.81,32363.24,5663.57
C4436,C & H TRANSPORT,535BK,2018-01-19,,28699.4,24425.0,4274.4
C4437,COUGAR TRANSPORT,82900102,2018-01-19,,3110.55,3110.55,0.0
C4438,CREATIVE SOLUTIONS,32741,2018-01-19,,5212.0,4435.76,776.24
D2312,DEVONIA,832,2018-01-19,,1387.08,1180.5,206.58
G1894,GTI LIGHT HAULAGE,WK16,2018-01-19,,3470.1,3470.1,0.0
J0931,JB TRANSPORT,00251,2018-01-19,,1880.0,1880.0,0.0
J0932,JAY'S TRANSPORT,4475,2018-01-19,,5569.28,4739.84,829.44
K1020,KT DELIVERIES,00001,2018-01-19,,2530.95,2154.0,376.95
L1730,L & P DELIVERIES,130A,2018-01-19,,3405.0,3405.0,0.0
M3293,LES MOFFAT,25TO325,2018-01-19,,5752.16,4895.48,856.68
M3296,MER TRANSPORT,808,2018-01-19,,597.54,597.54,0.0
N1325,N B LOGISTICS,802,2018-01-19,,4960.72,4221.88,738.84
P2827,P.S.N.,429279INV,2018-01-19,,1900.0,1617.02,282.98
R2156,R & B TRANSPORT,64,2018-01-19,,4169.85,4169.85,0.0
R2158,RAN BARUCH,167,2018-01-19,,3220.0,3220.0,0.0
S4762,R STEPHENS,140407,2018-01-19,,11822.2,10061.45,1760.75
T2463,T S TRANSPORT,WW207,2018-01-19,,2361.0,2009.37,351.63
V0404,VK TRANSPORT,196E,2018-01-19,,7384.0,6284.24,1099.76
A0521,R F AMIES(KIDDERMINSTER)LTD,220811,2018-01-23,CC0639107,79.95,68.04,11.91
A3263,ARTHOUSE LTD,OPI057374,2018-01-23,DD0339107,9406.5,8005.53,1400.97
B0276,BONDS PLC,124280,2018-01-23,DD0739107,1889.82,1608.36,281.46
B4406,BRIGGS EQUIPMENT UK LTD,SINV7311585,2018-01-23,FF1439107,299903.85,255237.32,44666.53
B4406,BRIGGS EQUIPMENT UK LTD,SINV7311926,2018-01-23,HH1039107,157524.45,134063.36,23461.09
B4406,BRIGGS EQUIPMENT UK LTD,SINV7308303,2018-01-23,AA0439107,133174.09,113339.65,19834.44
F1039,FIRSTSERVE TRADE LTD,126900,2018-01-23,DD0639107,417.77,355.55,62.22
H1011,ROSS HILLMAN LTD,16842,2018-01-23,HH1639107,5724.35,4871.79,852.56
J0475,T W JONES,32863,2018-01-23,BB1039107,87376.64,74363.1,13013.54
J0500,JIS (EUROPE) LIMITED,32199,2018-01-23,HH1839107,16135.23,13732.11,2403.12
L0918,LOCUSRITE LTD,12029,2018-01-23,FF0439107,18480.92,15728.44,2752.48
M0741,MACE INDUSTRIES LTD,15406,2018-01-23,GG0239107,14785.89,12583.74,2202.15
M0741,MACE INDUSTRIES LTD,15405,2018-01-23,FF1539107,149889.49,127565.52,22323.97
P1277,PROGRESSIVE PRODUCTS LTD,20354,2018-01-23,AA0939107,51654.5,43961.28,7693.22
P1802,PRAMAC (UK) LTD,285,2018-01-23,GG0439107,46227.7,39342.72,6884.98
R1055,RAVENSTOCK MSG LIMITED,1334887017,2018-01-23,DD0439107,57940.97,49311.46,8629.51
R1438,RED FUNNEL,TK070051,2018-01-23,HH0639107,4842.22,4121.04,721.18
R1651,ROUDEN PIPETEK,41199,2018-01-23,GG1539107,23607.0,20091.06,3515.94
S0400,SIMMONS OF STAFFORD,420793,2018-01-23,AA1139107,5115.95,4354.0,761.95
S0496,DOUGLAS SCOTT,1117,2018-01-23,GG0739107,9876.84,8405.82,1471.02
S0496,DOUGLAS SCOTT,1219,2018-01-23,CC1139107,85377.15,72661.4,12715.75
S0825,SALEPOINT LTD,2793,2018-01-23,GG0839107,127206.21,108260.6,18945.61
S3339,THE SPECTRA GROUP LTD,93846,2018-01-23,GG0139107,5041.21,4290.39,750.82
T9699,TAYLOR MAXWELL & CO LTD,4462945,2018-01-23,HH0139107,69855.77,59451.72,10404.05
Y0071,A C YULE GROUP,203097,2018-01-23,HH0339107,108544.15,92378.0,16166.15
B0007,BLUE DIAMOND TECHNOLOGIES LTD,356955,2018-01-24,EE0139107,41991.86,35737.75,6254.11
B4406,BRIGGS EQUIPMENT UK LTD,RIN4062738,2018-01-24,CC0839107,103316.74,87929.14,15387.6
B4406,BRIGGS EQUIPMENT UK LTD,SINV7311480,2018-01-24,HH0239107,167968.32,142951.76,25016.56
B4406,BRIGGS EQUIPMENT UK LTD,SINV7313249,2018-01-24,HH1539107,104694.26,89101.5,15592.76
B4406,BRIGGS EQUIPMENT UK LTD,SINV7308799,2018-01-24,CC0539107,161317.56,137291.54,24026.02
C1719,G CROOK & SONS,115736,2018-01-24,HH0839107,379.43,322.92,56.51
C3697,CHEMAIDE LTD,123338,2018-01-24,EE0939107,7827.45,6661.66,1165.79
D1501,DAVLYN PROPERTIES (WIGAN) LTD,8049,2018-01-24,FF0639107,88310.56,75157.92,13152.64
E1353,EMMETI UK,294,2018-01-24,CC0339107,14401.81,12256.86,2144.95
E9330,EAST LONDON PACKAGING SUPPLIES LTD,44217,2018-01-24,BB0439107,28158.31,23964.52,4193.79
E9330,EAST LONDON PACKAGING SUPPLIES LTD,44240,2018-01-24,FF1339107,117648.12,100126.06,17522.06
F9483,FULWOOD SUPPLIES LTD,42788,2018-01-24,GG0339107,102.93,87.6,15.33
G1095,GEM SUPPLIES LTD,8866,2018-01-24,EE0539107,19158.52,16305.12,2853.4
H0218,TONY HAMER & SONS LTD,20646,2018-01-24,AA0539107,42455.81,36132.6,6323.21
H2214,HILCREST DESIGN LTD,SIN099318,2018-01-24,GG0639107,36350.15,30936.3,5413.85
J0114,NORMAN JAMIESON LTD,0027593,2018-01-24,FF0339107,17805.39,15153.52,2651.87
J0126,ALAN R JONES & SONS LTD,83960,2018-01-24,EE0339107,1799.81,1531.75,268.06
J0460,J A JACKSON CONTRACTORS(PRESTON)LTD,68114,2018-01-24,CC1039107,435996.68,371061.0,64935.68
K9389,KEEL SUPPLY LTD,LYA42892,2018-01-24,CC0439107,11481.58,9771.56,1710.02
L0988,LYRECO UK LIMITED,6560048954,2018-01-24,BB0539107,94002.13,80001.81,14000.32
L5967,SPEEDY LGH LTD,2006257,2018-01-24,FF0539107,6716.72,5716.36,1000.36
M1473,MEDLAND SANDERS AND TWOSE LIMITED,817443,2018-01-24,HH1239107,76701.46,65277.84,11423.62
M2152,MCM (UK) LTD,1089,2018-01-24,CC0139107,82130.1,69897.96,12232.14
M2288,M J MAILLIS (UK) LTD,215778,2018-01-24,CC0739107,4476.73,3809.98,666.75
M2497,M P BODY LTD,TP2704,2018-01-24,AA1039107,7499.52,6382.57,1116.95
N0391,NIFTYLIFT LTD.,66013,2018-01-24,HH1339107,25372.36,21593.5,3778.86
P0969,PLASTECH LTD,36619,2018-01-24,FF1039107,29115.35,24779.02,4336.33
P9627,PACKEXE LTD,0000101536,2018-01-24,DD0539107,68492.16,58291.2,10200.96
R0477,G REEKIE GROUP LTD,SIN005361,2018-01-24,HH1739107,10149.65,8638.0,1511.65
R1022,RMD KWIKFORM LIMITED,INU122202,2018-01-24,FF0939107,39706.96,33793.16,5913.8
R1438,RED FUNNEL,68846101,2018-01-24,BB0939107,77959.18,66348.24,11610.94
S1506,SUNSHINE SUSSEX LTD,27064,2018-01-24,HH0939107,10353.7,8811.66,1542.04
S1748,SOUNDSORBA LTD,5348,2018-01-24,AA0839107,62213.95,52948.04,9265.91
S2423,M C SALTER & SON LTD,1291,2018-01-24,HH1939107,76702.8,65278.98,11423.82
S3729,SAFESTAND LTD,8816,2018-01-24,EE0239107,4627.97,3938.7,689.27
V9077,VIBROPLANT PLC,1676945,2018-01-24,HH0439107,15689.54,13352.8,2336.74
V9138,VOLUMATIC LTD,OPI302013,2018-01-24,FF1139107,2882.2,2452.94,429.26
W1481,WALLACE CAMERON & CO LTD,07A02538,2018-01-24,BB0239107,1551.52,1320.44,231.08
W1599,WORTHINGTON & GRAHAM LTD,INV155097,2018-01-24,AA0639107,2819.61,2399.67,419.94
A0206,ACORN PACKAGING,740687,2018-01-25,GG1239107,33547.61,28551.16,4996.45
A0206,ACORN PACKAGING,740687.,2018-01-25,GG1239107,33547.61,28551.16,4996.45
A3452,ALLBUILD PRODUCTS,TC10868,2018-01-25,BB0139107,1752.21,1491.24,260.97
B0798,ERNEST BENNETT (SHEFFIELD) LTD.,105810,2018-01-25,EE0639107,2127.81,1810.9,316.91
B4406,BRIGGS EQUIPMENT UK LTD,PINV6836767,2018-01-25,AA0239107,255543.35,217483.7,38059.65
B4406,BRIGGS EQUIPMENT UK LTD,SINV7308302,2018-01-25,AA0739107,93063.23,79202.75,13860.48
B4406,BRIGGS EQUIPMENT UK LTD,SINV7309816,2018-01-25,EE0839107,95318.29,81121.95,14196.34
B4406,BRIGGS EQUIPMENT UK LTD,SINV7312074,2018-01-25,HH0539107,88257.73,75112.96,13144.77
B4406,BRIGGS EQUIPMENT UK LTD,SINV7312077,2018-01-25,FF0239107,220240.18,187438.45,32801.73
B4406,BRIGGS EQUIPMENT UK LTD,SINV7308315,2018-01-25,DD0939107,269353.9,229237.36,40116.54
B4406,BRIGGS EQUIPMENT UK LTD,SINV7311450,2018-01-25,EE1039107,92346.19,78592.5,13753.69
B9565,BUTLER REYNOLDS LTD,173644,2018-01-25,CC0239107,37212.34,31670.08,5542.26
E0120,ELLIOTT GROUP LTD,10603992,2018-01-25,FF0739107,50055.94,42600.8,7455.14
E1277,ELB PARTNERS LTD,6105320,2018-01-25,CC0939107,4062.49,3457.44,605.05
F9584,FILPLASTICS(UK)LTD,53659,2018-01-25,GG1139107,7994.76,6804.05,1190.71
G1201,GRAFTERS,12630,2018-01-25,EE0439107,106691.18,90801.0,15890.18
G1201,GRAFTERS,12666,2018-01-25,FF0839107,21168.19,18015.48,3152.71
J0460,J A JACKSON CONTRACTORS(PRESTON)LTD,67995,2018-01-25,BB0639107,14002.38,11916.92,2085.46
J0475,T W JONES,32691,2018-01-25,AA0139107,25464.04,21671.52,3792.52
M1159,MATCH BOARD INTERNATIONAL LTD,52734,2018-01-25,AA1239107,39240.09,33395.82,5844.27
M1473,MEDLAND SANDERS AND TWOSE LIMITED,D28392,2018-01-25,GG1439107,6551.99,5576.16,975.83
N0068,D & G NOBLE LTD,15927,2018-01-25,DD0839107,5781.28,4920.24,861.04
P0532,JOSEPH PARR (ALCO) LTD.,10015668,2018-01-25,GG0939107,17369.09,14782.2,2586.89
P1277,PROGRESSIVE PRODUCTS LTD,20576,2018-01-25,HH1439107,103841.42,88375.68,15465.74
P3067,PROBILT,T012012,2018-01-25,BB0339107,25792.74,21951.27,3841.47
P4251,PHS GROUP LTD,51881463,2018-01-25,GG1339107,56153.88,47790.54,8363.34
R1310,RESPONSIVE DESIGNS,INV0545477,2018-01-25,EE0739107,14007.43,11921.22,2086.21
R1799,W ROBINSON & SONS (EC) LTD,SIN077071,2018-01-25,GG0539107,29274.5,24914.47,4360.03
S0825,SALEPOINT LTD,2755,2018-01-25,HH1139107,72371.14,61592.46,10778.68
S0825,SALEPOINT LTD,2796,2018-01-25,DD0139107,73481.84,62537.74,10944.1
S0825,SALEPOINT LTD,2797,2018-01-25,GG1039107,90509.43,77029.3,13480.13
S1497,STOWNHALL (HEIGHTINGTON),12532,2018-01-25,AA0339107,97563.89,83033.1,14530.79
S1497,STOWNHALL (HEIGHTINGTON),12592,2018-01-25,DD0239107,9530.33,8110.92,1419.41
S2894,SETON LIMITED,9300175238,2018-01-25,FF1239107,5676.13,4830.75,845.38
S4217,SVR PLASTICS LTD,19003,2018-01-25,HH0739107,4668.51,3973.2,695.31
T0337,TOUPRET (UK),IN2052060,2018-01-25,FF0139107,16030.71,13643.16,2387.55
Y0071,A C YULE GROUP,53405076,2018-01-25,BB0739107,47695.06,40591.54,7103.52
C4436,C & H TRANSPORT,556BK,2018-01-26,,26584.4,22625.0,3959.4
C4437,COUGAR TRANSPORT,82800144,2018-01-26,,2730.08,2730.08,0.0
C4438,CREATIVE SOLUTIONS,32747,2018-01-26,,5160.0,4391.8,768.2
D2312,DEVONIA,853,2018-01-26,,1348.92,1148.0,200.92
G1894,GTI LIGHT HAULAGE,WK17,2018-01-26,,3120.08,3120.08,0.0
J0931,JB TRANSPORT,00191,2018-01-26,,1644.0,1644.0,0.0
J0932,JAY'S TRANSPORT,4466,2018-01-26,,5293.08,4504.77,788.31
K1020,KT DELIVERIES,00085,2018-01-26,,2491.0,2120.0,371.0
L1730,L & P DELIVERIES,66A,2018-01-26,,3248.0,3248.0,0.0
M3293,LES MOFFAT,CS026,2018-01-26,,5384.44,4582.52,801.92
M3296,MER TRANSPORT,776,2018-01-26,,500.46,500.46,0.0
N1325,N B LOGISTICS,824,2018-01-26,,4627.52,3938.32,689.2
P2827,P.S.N.,429283,2018-01-26,,1900.0,1617.02,282.98
R2156,R & B TRANSPORT,60,2018-01-26,,4025.4,4025.4,0.0
R2158,RAN BARUCH,168,2018-01-26,,3155.0,3155.0,0.0
S4762,R STEPHENS,314050507,2018-01-26,,11211.25,9541.5,1669.75
T2463,T S TRANSPORT,WBH082,2018-01-26,,2313.24,1968.72,344.52
V0404,VK TRANSPORT,198E,2018-01-26,,6972.0,5933.6,1038.4
B0007,BLUE DIAMOND TECHNOLOGIES LTD,357841,2018-01-30,EE0139114,2106.78,1793.0,313.78
B0798,ERNEST BENNETT (SHEFFIELD) LTD.,107359,2018-01-30,EE0639114,278.01,236.6,41.41
B4406,BRIGGS EQUIPMENT UK LTD,RIN4063037,2018-01-30,AA0439114,21763.53,18522.15,3241.38
B4406,BRIGGS EQUIPMENT UK LTD,SINV7314213,2018-01-30,CC0539114,1309.54,1114.5,195.04
B4406,BRIGGS EQUIPMENT UK LTD,SINV7314696,2018-01-30,HH0239114,76110.06,64774.52,11335.54
B4406,BRIGGS EQUIPMENT UK LTD,SINV7315437,2018-01-30,EE0839114,10175.27,8659.8,1515.47
B4406,BRIGGS EQUIPMENT UK LTD,SINV7316028,2018-01-30,HH0539114,25796.33,21954.32,3842.01
B4406,BRIGGS EQUIPMENT UK LTD,SINV7317948,2018-01-30,HH1539114,18375.92,15639.08,2736.84
D1501,DAVLYN PROPERTIES (WIGAN) LTD,8023,2018-01-30,FF0639114,30154.82,25663.68,4491.14
E0120,ELLIOTT GROUP LTD,10603991,2018-01-30,FF0739114,17025.8,14490.04,2535.76
E1353,EMMETI UK,320,2018-01-30,CC0339114,6356.77,5410.02,946.75
F1039,FIRSTSERVE TRADE LTD,127183,2018-01-30,DD0639114,205.67,175.04,30.63
G1095,GEM SUPPLIES LTD,9124,2018-01-30,EE0539114,4682.4,3985.02,697.38
G1201,GRAFTERS,12646,2018-01-30,EE0439114,47054.52,40046.4,7008.12
H1011,ROSS HILLMAN LTD,16914,2018-01-30,HH1639114,1323.81,1126.65,197.16
H2214,HILCREST DESIGN LTD,SIN099385,2018-01-30,GG0639114,20133.21,17134.65,2998.56
L5967,SPEEDY LGH LTD,2006258,2018-01-30,FF0539114,1598.68,1360.58,238.1
M0741,MACE INDUSTRIES LTD,15407,2018-01-30,FF1539114,55064.17,46863.12,8201.05
M0741,MACE INDUSTRIES LTD,15408,2018-01-30,GG0239114,7216.37,6141.59,1074.78
N0068,D & G NOBLE LTD,15915,2018-01-30,DD0839114,280.87,239.04,41.83
P0532,JOSEPH PARR (ALCO) LTD.,10015669,2018-01-30,GG0939114,1917.11,1631.58,285.53
P0969,PLASTECH LTD,37002,2018-01-30,FF1039114,2930.24,2493.82,436.42
P1802,PRAMAC (UK) LTD,283,2018-01-30,GG0439114,18253.3,15534.72,2718.58
P4251,PHS GROUP LTD,51881365,2018-01-30,GG1339114,30523.96,25977.84,4546.12
R0477,G REEKIE GROUP LTD,SIN005391,2018-01-30,HH1739114,3088.49,2628.5,459.99
R1438,RED FUNNEL,70285701,2018-01-30,BB0939114,20037.04,17052.8,2984.24
R1651,ROUDEN PIPETEK,41198,2018-01-30,GG1539114,4413.37,3756.06,657.31
S0496,DOUGLAS SCOTT,1132,2018-01-30,GG0739114,277.49,236.16,41.33
S0825,SALEPOINT LTD,2756,2018-01-30,DD0139114,9259.47,7880.4,1379.07
S1506,SUNSHINE SUSSEX LTD,27063,2018-01-30,HH0939114,4232.82,3602.4,630.42
S2894,SETON LIMITED,9300176815,2018-01-30,FF1239114,3332.01,2835.75,496.26
S3339,THE SPECTRA GROUP LTD,93853,2018-01-30,GG0139114,830.0,706.38,123.62
S4217,SVR PLASTICS LTD,19041,2018-01-30,HH0739114,3082.03,2623.0,459.03
T0337,TOUPRET (UK),IN2052096,2018-01-30,FF0139114,1610.01,1370.22,239.79
V9138,VOLUMATIC LTD,0PI302210,2018-01-30,FF1139114,1077.8,917.28,160.52
Y0071,A C YULE GROUP,203132,2018-01-30,HH0339114,28117.61,23929.88,4187.73
A0206,ACORN PACKAGING,740690,2018-01-31,GG1239114,10833.74,9220.2,1613.54
B0276,BONDS PLC,124464,2018-01-31,DD0739114,674.54,574.08,100.46
B4406,BRIGGS EQUIPMENT UK LTD,SINV7314818,2018-01-31,FF1439114,4829.96,4110.6,719.36
B4406,BRIGGS EQUIPMENT UK LTD,SINV7316207,2018-01-31,HH1039114,21370.99,18188.08,3182.91
B4406,BRIGGS EQUIPMENT UK LTD,SINV7314210,2018-01-31,AA0739114,53241.82,45312.19,7929.63
B9565,BUTLER REYNOLDS LTD,173676,2018-01-31,CC0239114,4509.93,3838.24,671.69
C3697,CHEMAIDE LTD,123785,2018-01-31,EE0939114,1301.29,1107.48,193.81
F9483,FULWOOD SUPPLIES LTD,42925,2018-01-31,GG0339114,50.76,43.2,7.56
H0218,TONY HAMER & SONS LTD,20674,2018-01-31,AA0539114,14861.26,12647.88,2213.38
J0114,NORMAN JAMIESON LTD,0027681,2018-01-31,FF0339114,5793.24,4930.42,862.82
J0460,J A JACKSON CONTRACTORS(PRESTON)LTD,68115,2018-01-31,BB0639114,4655.63,3962.24,693.39
J0475,T W JONES,32929,2018-01-31,BB1039114,6325.68,5383.56,942.12
J0500,JIS (EUROPE) LIMITED,32758,2018-01-31,HH1839114,5647.04,4805.99,841.05
L0988,LYRECO UK LIMITED,0060273101200703,2018-01-31,BB0539114,15058.17,12815.46,2242.71
M1473,MEDLAND SANDERS AND TWOSE LIMITED,817581,2018-01-31,BB0439114,2452.39,2087.14,365.25
M1473,MEDLAND SANDERS AND TWOSE LIMITED,D30654,2018-01-31,HH1239114,2719.23,2314.24,404.99
M2152,MCM (UK) LTD,1093,2018-01-31,CC0139114,28042.21,23865.71,4176.5
N0391,NIFTYLIFT LTD.,66028,2018-01-31,HH1339114,189.76,161.5,28.26
P3067,PROBILT,T012092,2018-01-31,BB0339114,1362.27,1159.38,202.89
R1310,RESPONSIVE DESIGNS,INV0546728,2018-01-31,EE0739114,3129.71,2663.58,466.13
R1438,RED FUNNEL,SD1694801,2018-01-31,HH0639114,3016.27,2567.04,449.23
S0400,SIMMONS OF STAFFORD,420177,2018-01-31,AA1139114,2078.46,1768.9,309.56
S0825,SALEPOINT LTD,2794,2018-01-31,GG0839114,24872.4,21168.0,3704.4
S1497,STOWNHALL (HEIGHTINGTON),12602,2018-01-31,AA0339114,30235.12,25732.02,4503.1
S1497,STOWNHALL (HEIGHTINGTON),12617,2018-01-31,DD0239114,1934.5,1646.38,288.12
S2423,M C SALTER & SON LTD,1295,2018-01-31,HH1939114,11030.99,9388.08,1642.91
W1481,WALLACE CAMERON & CO LTD,07A03481,2018-01-31,BB0239114,584.21,497.2,87.01
Y0071,A C YULE GROUP,53405213,2018-01-31,BB0739114,5712.96,4862.09,850.87
